,date,open,high,low,close,volume,amount,outstanding_share,turnover,symbol,name
0,2020-01-03,0.0,0.0,0.0,0.0,667000.0,2001000.0,76609629.0,0.008706477354171759,bj430090,同辉信息
1,2020-01-13,3.15,3.15,3.15,3.15,3000.0,9450.0,76609629.0,3.9159568309618104e-05,bj430090,同辉信息
2,2020-01-14,3.5,3.5,3.16,3.16,75000.0,245880.0,76609629.0,0.0009789892077404526,bj430090,同辉信息
3,2020-01-15,3.11,3.11,3.09,3.09,511000.0,1559060.0,76609629.0,0.006670179802071617,bj430090,同辉信息
4,2020-01-16,3.08,3.08,3.04,3.06,32000.0,97820.0,76609629.0,0.00041770206196925974,bj430090,同辉信息
5,2020-01-17,3.03,3.03,2.81,3.02,73000.0,214580.0,76609629.0,0.0009528828288673739,bj430090,同辉信息
6,2020-01-20,3.2,3.2,2.9,2.91,317000.0,967890.0,76609629.0,0.00413786105138298,bj430090,同辉信息
7,2020-01-21,3.14,3.14,2.81,3.0,33000.0,98020.0,76609629.0,0.0004307552514057991,bj430090,同辉信息
8,2020-01-22,3.1,3.1,2.83,3.01,67000.0,192270.0,76609629.0,0.0008745636922481377,bj430090,同辉信息
9,2020-01-23,2.84,3.01,2.8,3.01,30000.0,84960.0,76609629.0,0.000391595683096181,bj430090,同辉信息
10,2020-02-04,3.01,3.01,2.99,2.99,2000.0,6000.0,76609629.0,2.6106378873078734e-05,bj430090,同辉信息
11,2020-02-05,2.98,3.18,2.94,2.94,5000.0,14980.0,76609629.0,6.526594718269684e-05,bj430090,同辉信息
12,2020-02-10,2.92,2.92,2.74,2.87,164000.0,465890.0,76609629.0,0.002140723067592456,bj430090,同辉信息
13,2020-02-11,2.72,2.88,2.49,2.49,82000.0,224400.0,76609629.0,0.001070361533796228,bj430090,同辉信息
14,2020-02-12,2.82,2.82,2.64,2.78,46000.0,127100.0,76609629.0,0.0006004467140808109,bj430090,同辉信息
15,2020-02-13,2.85,2.85,2.68,2.73,69000.0,189190.0,76609629.0,0.0009006700711212163,bj430090,同辉信息
16,2020-02-14,2.85,2.85,2.65,2.67,317000.0,857730.0,76609629.0,0.00413786105138298,bj430090,同辉信息
17,2020-02-17,2.74,2.81,2.65,2.66,56000.0,151670.0,76609629.0,0.0007309786084462046,bj430090,同辉信息
18,2020-02-18,2.62,2.63,2.5,2.58,53500.0,138285.0,76609629.0,0.0006983456348548561,bj430090,同辉信息
19,2020-02-19,2.66,2.66,2.53,2.58,44000.0,113040.0,76609629.0,0.0005743403352077321,bj430090,同辉信息
20,2020-02-20,2.5,2.56,2.4,2.5,88000.0,216880.0,76609629.0,0.0011486806704154643,bj430090,同辉信息
21,2020-02-21,2.87,2.87,2.35,2.49,51000.0,123210.0,76609629.0,0.0006657126612635078,bj430090,同辉信息
22,2020-02-24,2.48,2.48,2.47,2.47,33000.0,81540.0,76609629.0,0.0004307552514057991,bj430090,同辉信息
23,2020-02-25,2.82,2.82,2.32,2.66,774000.0,2102360.0,76609629.0,0.01010316862388147,bj430090,同辉信息
24,2020-02-26,2.49,2.66,2.47,2.62,695000.0,1889050.0,76609629.0,0.00907196665839486,bj430090,同辉信息
25,2020-02-27,2.45,2.53,2.45,2.53,517000.0,1417630.0,76609629.0,0.006748498938690853,bj430090,同辉信息
26,2020-02-28,2.48,2.5,2.4,2.4,93160.0,224654.0,76609629.0,0.0012160351279080074,bj430090,同辉信息
27,2020-03-02,2.39,2.4,2.26,2.26,160000.0,370010.0,76609629.0,0.002088510309846299,bj430090,同辉信息
28,2020-03-03,2.69,2.69,2.21,2.21,127000.0,282910.0,76609629.0,0.0016577550584404997,bj430090,同辉信息
29,2020-03-04,2.2,2.2,2.04,2.13,322150.0,664996.0,76609629.0,0.004205084976981157,bj430090,同辉信息
30,2020-03-05,2.18,2.18,2.16,2.18,105000.0,227710.0,76609629.0,0.0013705848908366336,bj430090,同辉信息
31,2020-03-06,2.23,2.24,2.18,2.24,47000.0,104590.0,76609629.0,0.0006134999035173502,bj430090,同辉信息
32,2020-03-09,2.34,2.49,2.34,2.49,45650.0,109441.0,76609629.0,0.0005958780977780221,bj430090,同辉信息
33,2020-03-10,2.48,2.48,2.37,2.42,117000.0,285300.0,76609629.0,0.001527223164075106,bj430090,同辉信息
34,2020-03-11,2.58,2.58,2.34,2.37,86000.0,204950.0,76609629.0,0.0011225742915423856,bj430090,同辉信息
35,2020-03-12,2.38,2.45,2.38,2.44,27000.0,65390.0,76609629.0,0.00035243611478656293,bj430090,同辉信息
36,2020-03-13,2.31,2.42,2.31,2.42,51000.0,122290.0,76609629.0,0.0006657126612635078,bj430090,同辉信息
37,2020-03-16,2.45,2.45,2.31,2.31,30000.0,70980.0,76609629.0,0.000391595683096181,bj430090,同辉信息
38,2020-03-17,2.47,2.47,2.35,2.39,45000.0,107470.0,76609629.0,0.0005873935246442716,bj430090,同辉信息
39,2020-03-18,2.39,2.52,2.39,2.43,77000.0,187560.0,76609629.0,0.0010050955866135313,bj430090,同辉信息
40,2020-03-19,2.45,2.45,2.33,2.42,43000.0,103700.0,76609629.0,0.0005612871457711928,bj430090,同辉信息
41,2020-03-20,2.35,2.39,2.35,2.39,40000.0,95100.0,76609629.0,0.0005221275774615747,bj430090,同辉信息
42,2020-03-23,2.31,2.5,2.31,2.5,2000.0,4810.0,76609629.0,2.6106378873078734e-05,bj430090,同辉信息
43,2020-03-25,2.55,2.58,2.51,2.58,57000.0,145230.0,76609629.0,0.000744031797882744,bj430090,同辉信息
44,2020-03-26,2.6,2.6,2.45,2.59,46000.0,115910.0,76609629.0,0.0006004467140808109,bj430090,同辉信息
45,2020-03-27,2.5,2.5,2.42,2.45,57000.0,139770.0,76609629.0,0.000744031797882744,bj430090,同辉信息
46,2020-03-30,2.45,2.49,2.44,2.44,3400.0,8304.0,76609629.0,4.438084408423385e-05,bj430090,同辉信息
47,2020-03-31,2.51,2.51,2.4,2.45,50670.0,123156.0,76609629.0,0.0006614051087494498,bj430090,同辉信息
48,2020-04-01,2.36,2.44,2.36,2.4,392000.0,955570.0,76609629.0,0.005116850259123432,bj430090,同辉信息
49,2020-04-02,2.4,2.46,2.4,2.45,307600.0,749501.0,76609629.0,0.00401516107067951,bj430090,同辉信息
50,2020-04-03,2.45,2.48,2.41,2.48,111200.0,273166.0,76609629.0,0.0014515146653431778,bj430090,同辉信息
51,2020-04-07,2.54,2.58,2.54,2.57,169399.0,435415.0,76609629.0,0.002211197237360332,bj430090,同辉信息
52,2020-04-08,2.58,3.05,2.58,2.91,365314.0,1067887.0,76609629.0,0.004768512845819943,bj430090,同辉信息
53,2020-04-09,2.95,3.03,2.95,2.99,79999.0,239863.0,76609629.0,0.001044242101733713,bj430090,同辉信息
54,2020-04-10,3.0,3.0,2.9,2.98,200801.0,599343.0,76609629.0,0.0026210934920465417,bj430090,同辉信息
55,2020-04-13,3.36,3.51,3.0,3.0,1658309.0,5528345.0,76609629.0,0.021646221521318162,bj430090,同辉信息
56,2020-04-14,3.29,3.29,3.26,3.28,955117.0,3126604.0,76609629.0,0.012467323135059171,bj430090,同辉信息
57,2020-04-15,3.29,3.5,3.29,3.47,647238.0,2258198.0,76609629.0,0.008448520224526867,bj430090,同辉信息
58,2020-04-16,3.5,3.65,3.49,3.65,2213021.0,7917093.0,76609629.0,0.028886982340039787,bj430090,同辉信息
59,2020-04-17,3.71,3.99,3.71,3.98,3251245.0,12629680.0,76609629.0,0.04243911688960143,bj430090,同辉信息
60,2020-04-20,4.02,4.65,4.02,4.65,5492648.0,23330011.0,76609629.0,0.07169657485222908,bj430090,同辉信息
61,2020-04-21,4.72,4.99,4.44,4.44,1929764.0,9144412.0,76609629.0,0.025189575059813955,bj430090,同辉信息
62,2020-04-22,4.85,4.85,4.5,4.5,1234719.0,5694692.0,76609629.0,0.01611702100789445,bj430090,同辉信息
63,2020-04-23,4.51,4.6,4.4,4.41,902808.0,4071326.0,76609629.0,0.011784523848823234,bj430090,同辉信息
64,2020-04-24,4.4,4.4,4.18,4.3,766768.0,3272782.0,76609629.0,0.010008767957876417,bj430090,同辉信息
65,2020-04-27,4.58,4.61,4.35,4.39,962429.0,4292194.0,68199326.0,0.014112001634737564,bj430090,同辉信息
66,2020-04-28,4.42,4.46,4.3,4.34,604183.0,2654493.0,68199326.0,0.008859075821365156,bj430090,同辉信息
67,2020-04-29,4.3,4.35,4.26,4.29,442710.0,1898824.0,68199326.0,0.006491413126282216,bj430090,同辉信息
68,2020-04-30,4.4,4.4,4.3,4.34,511891.0,2214563.0,68199326.0,0.007505807315456461,bj430090,同辉信息
69,2020-05-06,4.5,4.5,4.36,4.37,795508.0,3486979.0,68199326.0,0.011664455452243032,bj430090,同辉信息
70,2020-05-07,4.37,4.4,3.98,4.01,668201.0,2798553.0,68199326.0,0.00979776545005738,bj430090,同辉信息
71,2020-05-08,4.26,4.26,4.1,4.12,216833.0,894250.0,68199326.0,0.003179400922525246,bj430090,同辉信息
72,2020-05-11,4.12,4.14,3.93,3.98,830872.0,3300015.0,68199326.0,0.012182994301146026,bj430090,同辉信息
73,2020-05-12,4.07,4.07,3.67,3.68,897601.0,3462686.0,68199326.0,0.013161435055824452,bj430090,同辉信息
74,2020-05-13,4.2,4.45,4.1,4.3,2713394.0,11636624.0,68199326.0,0.03978622897240949,bj430090,同辉信息
75,2020-05-14,4.31,4.31,4.15,4.17,1484641.0,6203214.0,68199326.0,0.021769144756650528,bj430090,同辉信息
76,2020-05-15,4.19,4.4,4.19,4.38,709207.0,3087990.0,68199326.0,0.010399032389264375,bj430090,同辉信息
77,2021-08-09,2.97,2.99,2.8,2.98,22361792.0,65481464.0,92662243.0,0.2413258224280196,bj430090,同辉信息
78,2021-08-10,2.93,2.94,2.89,2.91,3907684.0,11402849.0,92662243.0,0.042171264945529106,bj430090,同辉信息
79,2021-08-11,2.9,2.92,2.88,2.9,3205609.0,9268545.0,92662243.0,0.03459455433212425,bj430090,同辉信息
80,2021-08-12,2.92,2.96,2.9,2.91,4078127.0,11944244.0,92662243.0,0.044010665703397664,bj430090,同辉信息
81,2021-08-13,2.93,2.93,2.89,2.91,2827899.0,8214620.0,92662243.0,0.030518352550563663,bj430090,同辉信息
82,2021-08-16,2.92,2.94,2.9,2.92,2577301.0,7518894.0,92662243.0,0.027813928484334227,bj430090,同辉信息
83,2021-08-17,2.92,2.92,2.88,2.89,2065865.0,5992459.0,92662243.0,0.02229457147934569,bj430090,同辉信息
84,2021-08-18,2.89,2.91,2.88,2.9,1119189.0,3321779.0,92662243.0,0.012078155716563002,bj430090,同辉信息
85,2021-08-19,2.89,2.9,2.87,2.89,1918412.0,5528427.0,92662243.0,0.02070327609056474,bj430090,同辉信息
86,2021-08-20,2.88,2.89,2.86,2.87,935475.0,2685905.0,92662243.0,0.010095535891571285,bj430090,同辉信息
87,2021-08-23,2.87,2.88,2.85,2.86,1472056.0,4213177.0,92662243.0,0.015886254771536233,bj430090,同辉信息
88,2021-08-24,2.88,2.9,2.86,2.87,1471557.0,4235421.0,92662243.0,0.01588086962237683,bj430090,同辉信息
89,2021-08-25,2.87,2.88,2.86,2.86,947202.0,2713755.0,92662243.0,0.010222092292758335,bj430090,同辉信息
90,2021-08-26,2.86,2.88,2.84,2.84,1714064.0,4566666.0,92662243.0,0.01849797657067291,bj430090,同辉信息
91,2021-08-27,2.84,2.85,2.81,2.82,1598304.0,4517618.0,92662243.0,0.017248708300747696,bj430090,同辉信息
92,2021-08-30,2.82,2.82,2.72,2.73,2348413.0,6499534.0,92662243.0,0.025343796178126186,bj430090,同辉信息
93,2021-08-31,2.71,2.72,2.68,2.71,1520576.0,4106792.0,92662243.0,0.016409876890202194,bj430090,同辉信息
94,2021-09-01,2.72,2.8,2.69,2.8,2159516.0,5919681.0,92662243.0,0.02330524202829841,bj430090,同辉信息
95,2021-09-02,2.8,2.85,2.78,2.84,1367392.0,3853971.0,92662243.0,0.014756733225203711,bj430090,同辉信息
96,2021-09-03,3.5,3.66,3.08,3.6,20551123.0,68578628.0,92662243.0,0.22178529608872083,bj430090,同辉信息
97,2021-09-06,3.87,4.68,3.85,4.68,16996861.0,75570688.0,92662243.0,0.18342811969272102,bj430090,同辉信息
98,2021-09-07,4.99,5.5,4.69,5.08,18370997.0,93611030.0,92662243.0,0.1982576333706923,bj430090,同辉信息
99,2021-09-08,4.9,5.32,4.77,5.27,9536810.0,47575302.0,92662243.0,0.10292012896773932,bj430090,同辉信息
100,2021-09-09,5.3,6.28,5.21,6.2,12507585.0,72891956.0,92662243.0,0.13498038246279015,bj430090,同辉信息
101,2021-09-10,6.4,6.6,5.67,6.07,9480995.0,58277261.0,92662243.0,0.10231778006927805,bj430090,同辉信息
102,2021-09-13,6.1,6.2,5.31,5.47,7971898.0,45398358.0,92662243.0,0.08603178319350634,bj430090,同辉信息
103,2021-09-14,5.51,5.77,5.36,5.51,4450824.0,24726145.0,92662243.0,0.04803276778007629,bj430090,同辉信息
104,2021-09-15,5.57,5.65,5.08,5.22,4462803.0,23657501.0,92662243.0,0.048162043735548256,bj430090,同辉信息
105,2021-09-16,5.35,5.44,5.01,5.1,3297870.0,17095373.0,92662243.0,0.03559022416498163,bj430090,同辉信息
106,2021-09-17,5.1,5.61,5.03,5.6,7226221.0,39147599.0,92662243.0,0.07798452493751959,bj430090,同辉信息
107,2021-09-22,6.56,6.71,6.03,6.5,11710288.0,73906393.0,92662243.0,0.12637604725368023,bj430090,同辉信息
108,2021-09-23,6.38,6.46,6.09,6.15,5782485.0,35879473.0,92662243.0,0.062403896266573215,bj430090,同辉信息
109,2021-09-24,6.22,6.46,6.18,6.33,6121694.0,38600932.0,92662243.0,0.06606459979605717,bj430090,同辉信息
110,2021-09-27,6.4,6.41,5.9,5.95,4119090.0,25013823.0,92662243.0,0.04445273356916258,bj430090,同辉信息
111,2021-09-28,5.96,6.13,5.86,5.99,1844878.0,11102749.0,92662243.0,0.019909705833475237,bj430090,同辉信息
112,2021-09-29,5.91,6.13,5.91,6.02,2595987.0,15642760.0,92662243.0,0.028015585592936706,bj430090,同辉信息
113,2021-09-30,6.07,6.6,6.0,6.4,4312574.0,27230230.0,88912243.0,0.048503713937348314,bj430090,同辉信息
114,2021-10-08,6.46,6.48,6.14,6.27,2699187.0,16884336.0,88912243.0,0.030357877710946963,bj430090,同辉信息
115,2021-10-11,6.21,6.36,6.1,6.18,1104058.0,6840014.0,88912243.0,0.012417390032551535,bj430090,同辉信息
116,2021-10-12,6.2,6.28,5.8,6.0,1608253.0,9742631.0,88912243.0,0.01808809389726002,bj430090,同辉信息
117,2021-10-13,6.01,6.2,6.01,6.13,2072825.0,12714592.0,88912243.0,0.02331315609707428,bj430090,同辉信息
118,2021-10-14,6.13,6.18,5.98,6.09,2070328.0,12537135.0,88912243.0,0.023285072225655134,bj430090,同辉信息
119,2021-10-15,6.11,6.14,6.06,6.1,965766.0,5888335.0,88912243.0,0.010862013682412668,bj430090,同辉信息
120,2021-10-18,6.1,6.12,5.82,5.9,2153808.0,12777432.0,88912243.0,0.0242239755440654,bj430090,同辉信息
121,2021-10-19,5.86,6.02,5.8,5.89,1731176.0,10188754.0,88912243.0,0.01947061441246061,bj430090,同辉信息
122,2021-10-20,5.92,5.99,5.86,5.92,1509243.0,8939770.0,88912243.0,0.016974523969662987,bj430090,同辉信息
123,2021-10-21,5.95,5.95,5.65,5.73,3255545.0,18706927.0,88912243.0,0.0366152611851216,bj430090,同辉信息
124,2021-10-22,5.73,5.78,5.69,5.74,860418.0,4935058.0,88912243.0,0.009677159983468193,bj430090,同辉信息
125,2021-10-25,5.7,5.73,5.24,5.35,2780991.0,15104611.0,88912243.0,0.03127793098190088,bj430090,同辉信息
126,2021-10-26,5.32,5.36,4.94,5.03,4256221.0,21762791.0,88912243.0,0.04786990920924129,bj430090,同辉信息
127,2021-10-27,5.06,5.08,4.76,4.87,1873131.0,9090160.0,88912243.0,0.02106718868851391,bj430090,同辉信息
128,2021-10-28,4.78,4.89,4.7,4.81,1319092.0,6287660.0,88912243.0,0.014835887111744555,bj430090,同辉信息
129,2021-10-29,4.75,5.24,4.73,5.15,3168531.0,16119741.0,88912243.0,0.0356366108096047,bj430090,同辉信息
130,2021-11-01,5.52,6.3,5.52,6.07,6238618.0,36588356.0,88912243.0,0.07016601751909464,bj430090,同辉信息
131,2021-11-02,6.07,6.25,5.71,5.83,3743451.0,22245372.0,88912243.0,0.042102761933471865,bj430090,同辉信息
132,2021-11-03,5.83,6.2,5.83,6.12,3381796.0,20579642.0,88912243.0,0.03803521186615436,bj430090,同辉信息
133,2021-11-04,6.17,6.72,6.13,6.55,5027978.0,32517774.0,88912243.0,0.056549894934041875,bj430090,同辉信息
134,2021-11-05,6.6,7.17,6.6,7.0,5543435.0,38063088.0,88912243.0,0.06234726301978458,bj430090,同辉信息
135,2021-11-08,7.13,9.1,7.13,8.5,10958638.0,92377184.0,88912243.0,0.12325229496234844,bj430090,同辉信息
136,2021-11-09,8.5,8.7,7.84,8.3,6595480.0,54332560.0,88912243.0,0.07417966049962321,bj430090,同辉信息
137,2021-11-10,8.36,8.99,8.16,8.96,4309879.0,36993374.0,88912243.0,0.04847340315101487,bj430090,同辉信息
138,2021-11-11,9.13,10.18,8.78,10.09,10392456.0,99906383.0,88912243.0,0.11688442051788075,bj430090,同辉信息
139,2021-11-12,10.01,10.25,9.51,9.7,8438654.0,83385974.0,88912243.0,0.0949099214604225,bj430090,同辉信息
140,2021-11-15,10.0,10.27,7.94,8.15,17337157.0,153067422.0,88912243.0,0.19499178532702183,bj430090,同辉信息
141,2021-11-16,8.25,8.34,7.08,7.2,11899536.0,89324446.0,88912243.0,0.13383461712916184,bj430090,同辉信息
142,2021-11-17,7.39,7.41,7.08,7.33,6224739.0,45111949.0,88912243.0,0.07000991978123867,bj430090,同辉信息
143,2021-11-18,7.33,7.33,6.63,6.74,8670648.0,60045676.0,88912243.0,0.0975191684231833,bj430090,同辉信息
144,2021-11-19,6.76,6.98,6.7,6.97,4744378.0,32477238.0,88912243.0,0.053360232965892,bj430090,同辉信息
145,2021-11-22,7.01,7.12,6.92,7.06,3162031.0,22306558.0,88912243.0,0.03556350501696375,bj430090,同辉信息
146,2021-11-23,7.11,7.57,6.95,7.41,6520835.0,47532125.0,88912243.0,0.07334012482397953,bj430090,同辉信息
147,2021-11-24,7.32,7.58,7.19,7.24,3620149.0,26603816.0,88912243.0,0.040715978788208054,bj430090,同辉信息
148,2021-11-25,7.31,7.6,7.2,7.27,3175209.0,23370559.0,88912243.0,0.035711718576259516,bj430090,同辉信息
149,2021-11-26,7.26,7.26,6.87,6.9,4005734.0,27964257.0,88912243.0,0.04505267064289448,bj430090,同辉信息
150,2021-11-29,6.84,6.84,6.3,6.4,5493707.0,35985920.0,88912243.0,0.061787969964946225,bj430090,同辉信息
151,2021-11-30,6.4,6.79,6.4,6.47,2782485.0,18208898.0,88912243.0,0.03129473406716328,bj430090,同辉信息
152,2021-12-01,6.47,6.5,6.2,6.44,3705073.0,23665087.0,88912243.0,0.041671122839629635,bj430090,同辉信息
153,2021-12-02,6.42,6.63,6.36,6.43,2381931.0,15461334.0,88912243.0,0.026789685195547256,bj430090,同辉信息
154,2021-12-03,6.4,6.48,6.13,6.2,3651314.0,22744124.0,88912243.0,0.04106649294630887,bj430090,同辉信息
155,2021-12-06,6.19,6.19,5.82,5.89,3584139.0,21444055.0,88912243.0,0.04031097269697718,bj430090,同辉信息
156,2021-12-07,5.94,5.98,5.66,5.68,2284524.0,13151873.0,88912243.0,0.02569414428111998,bj430090,同辉信息
157,2021-12-08,5.83,6.18,5.58,6.08,4916661.0,29569006.0,88912243.0,0.05529790762336296,bj430090,同辉信息
158,2021-12-09,6.03,6.13,5.97,6.09,1982795.0,11993628.0,88912243.0,0.022300584633771978,bj430090,同辉信息
159,2021-12-10,6.07,6.1,5.98,6.07,1203178.0,7265362.0,88912243.0,0.013532197135100956,bj430090,同辉信息
160,2021-12-13,6.12,6.95,6.07,6.84,9687456.0,64439258.0,88912243.0,0.10895525377759281,bj430090,同辉信息
161,2021-12-14,6.76,8.08,6.73,7.43,18671531.0,141957541.0,88912243.0,0.20999954978078778,bj430090,同辉信息
162,2021-12-15,7.15,7.54,7.01,7.13,8798880.0,63139694.0,88912243.0,0.09896139950040402,bj430090,同辉信息
163,2021-12-16,7.02,7.72,7.0,7.44,10062643.0,75343423.0,88912243.0,0.11317499885814375,bj430090,同辉信息
164,2021-12-17,7.43,7.99,7.21,7.78,10047272.0,77901508.0,88912243.0,0.11300212052911543,bj430090,同辉信息
165,2021-12-20,7.6,8.82,7.46,8.39,13462560.0,109798328.0,88912243.0,0.15141401842713606,bj430090,同辉信息
166,2021-12-21,8.2,8.7,7.87,7.89,8942541.0,72836946.0,88912243.0,0.1005771612352643,bj430090,同辉信息
167,2021-12-22,7.68,8.34,7.24,7.3,11451228.0,88584583.0,88912243.0,0.12879247686958026,bj430090,同辉信息
168,2021-12-23,7.31,7.49,7.07,7.18,4757664.0,34507310.0,88912243.0,0.05350966120605011,bj430090,同辉信息
169,2021-12-24,7.21,7.4,7.05,7.19,4234088.0,30610478.0,88912243.0,0.04762097836177634,bj430090,同辉信息
170,2021-12-27,7.26,7.58,7.15,7.32,4554005.0,33652335.0,88912243.0,0.05121909926397875,bj430090,同辉信息
171,2021-12-28,7.25,7.49,7.22,7.38,4471310.0,32823011.0,88912243.0,0.050289024875910505,bj430090,同辉信息
172,2021-12-29,7.38,7.45,7.05,7.11,4088157.0,29500149.0,88912243.0,0.04597968583471682,bj430090,同辉信息
173,2021-12-30,7.15,7.43,7.06,7.29,5621299.0,41005879.0,88912243.0,0.06322300293335306,bj430090,同辉信息
174,2021-12-31,7.5,8.79,7.45,8.15,16832025.0,139733629.0,88912243.0,0.18931054298112804,bj430090,同辉信息
175,2022-01-04,8.4,10.38,8.22,10.03,22822391.0,211772610.0,88912243.0,0.2566844590794993,bj430090,同辉信息
176,2022-01-05,9.5,10.68,9.2,9.6,18648539.0,184907697.0,88912243.0,0.2097409577216492,bj430090,同辉信息
177,2022-01-06,9.5,9.98,8.45,8.5,12596907.0,112186377.0,88912243.0,0.14167798016297936,bj430090,同辉信息
178,2022-01-07,8.4,8.82,8.25,8.29,7122348.0,60822370.0,88912243.0,0.08010536861610836,bj430090,同辉信息
179,2022-01-10,8.18,8.79,8.18,8.76,5089765.0,43500886.0,88912243.0,0.057244816104796724,bj430090,同辉信息
180,2022-01-11,8.71,8.98,8.3,8.3,5031574.0,43259185.0,88912243.0,0.05659033930793985,bj430090,同辉信息
181,2022-01-12,8.32,8.76,8.05,8.7,5133655.0,42982125.0,88912243.0,0.05773844891079848,bj430090,同辉信息
182,2022-01-13,8.83,9.53,8.62,9.05,10565922.0,97163814.0,88912243.0,0.11883540042961238,bj430090,同辉信息
183,2022-01-14,8.84,9.42,8.67,9.07,8861413.0,79965610.0,88912243.0,0.09966471096674503,bj430090,同辉信息
184,2022-01-17,9.3,11.76,9.17,11.4,22047796.0,236340093.0,88912243.0,0.2479725542409272,bj430090,同辉信息
185,2022-01-18,11.11,11.4,9.45,9.52,18169669.0,185949539.0,88912243.0,0.20435508527211488,bj430090,同辉信息
186,2022-01-19,9.32,10.13,9.12,9.89,10127839.0,99443067.0,88912243.0,0.11390826120537753,bj430090,同辉信息
187,2022-01-20,9.68,11.33,9.53,10.05,16050746.0,168640091.0,88912243.0,0.18052346289363097,bj430090,同辉信息
188,2022-01-21,9.99,10.48,9.5,9.73,9758798.0,96614147.0,88912243.0,0.10975764046352987,bj430090,同辉信息
189,2022-01-24,9.76,10.22,9.52,9.6,6781659.0,66583559.0,88912243.0,0.07627362409471551,bj430090,同辉信息
190,2022-01-25,9.45,9.61,8.7,8.74,7139329.0,64817415.0,88912243.0,0.08029635468762159,bj430090,同辉信息
191,2022-01-26,8.71,9.05,8.4,8.8,4294701.0,37249985.0,88912243.0,0.048302695501675735,bj430090,同辉信息
192,2022-01-27,8.9,8.9,8.2,8.23,4483160.0,37876829.0,88912243.0,0.05042230235941748,bj430090,同辉信息
193,2022-01-28,8.4,8.65,8.23,8.34,3343723.0,28157800.0,88912243.0,0.037607003121043744,bj430090,同辉信息
194,2022-02-07,8.39,8.73,8.39,8.5,3132497.0,26853293.0,88912243.0,0.0352313347892933,bj430090,同辉信息
195,2022-02-08,8.5,8.77,8.41,8.75,3252488.0,28022111.0,88912243.0,0.03658087896849031,bj430090,同辉信息
196,2022-02-09,8.74,9.33,8.67,9.21,5342594.0,48841916.0,88912243.0,0.060088395250584334,bj430090,同辉信息
197,2022-02-10,9.25,9.25,8.78,8.8,4358900.0,38795394.0,88912243.0,0.0490247445450229,bj430090,同辉信息
198,2022-02-11,8.78,8.78,8.05,8.16,5015093.0,41491015.0,88912243.0,0.056404976758937464,bj430090,同辉信息
199,2022-02-14,7.99,8.28,7.86,8.2,2815919.0,22782953.0,88912243.0,0.0316707677704183,bj430090,同辉信息
200,2022-02-15,8.23,8.35,8.07,8.1,2232140.0,18238501.0,88912243.0,0.02510497907470403,bj430090,同辉信息
201,2022-02-16,8.29,8.3,8.02,8.1,2283520.0,18561251.0,88912243.0,0.02568285224791821,bj430090,同辉信息
202,2022-02-17,8.09,8.16,7.38,7.6,5637365.0,43827250.0,88912243.0,0.06340369795867146,bj430090,同辉信息
203,2022-02-18,7.51,7.73,7.51,7.56,1616519.0,12311695.0,88912243.0,0.01818106197140927,bj430090,同辉信息
204,2022-02-21,7.61,8.27,7.61,7.96,3776110.0,30097338.0,88912243.0,0.042470079176835075,bj430090,同辉信息
205,2022-02-22,7.69,8.0,7.45,7.69,3046325.0,23289766.0,88912243.0,0.034262154425684664,bj430090,同辉信息
206,2022-02-23,7.7,7.73,7.37,7.58,3300638.0,24734775.0,92945755.00000001,0.03551144428274319,bj430090,同辉信息
207,2022-02-24,7.5,7.5,6.78,7.03,6120440.0,43487621.0,92945755.00000001,0.06584959151711661,bj430090,同辉信息
208,2022-02-25,7.17,7.19,6.86,6.9,2597317.0,18098809.0,92945755.00000001,0.02794443920542686,bj430090,同辉信息
209,2022-02-28,6.92,7.01,6.68,6.7,2456932.0,16602998.0,92945755.00000001,0.026434042092616274,bj430090,同辉信息
210,2022-03-01,6.8,7.04,6.7,6.86,2121660.0,14612360.0,92945755.00000001,0.02282686282983015,bj430090,同辉信息
211,2022-03-02,6.84,6.98,6.73,6.91,1641616.0,11287332.0,92945755.00000001,0.01766208688067572,bj430090,同辉信息
212,2022-03-03,7.0,7.22,6.95,7.16,3003014.0,21465013.0,92945755.00000001,0.03230931848366824,bj430090,同辉信息
213,2022-03-04,7.17,7.6,7.03,7.42,4682694.0,34638721.0,92945755.00000001,0.050380934556935916,bj430090,同辉信息
214,2022-03-07,7.4,7.56,6.98,7.07,2611027.0,18857127.0,92945755.00000001,0.02809194459714701,bj430090,同辉信息
215,2022-03-08,6.96,7.08,6.71,6.79,2572796.0,17602208.0,92945755.00000001,0.027680618657624542,bj430090,同辉信息
216,2022-03-09,6.89,6.89,6.3,6.6,2463513.0,16224104.0,92945755.00000001,0.02650484683243468,bj430090,同辉信息
217,2022-03-10,6.84,6.84,6.68,6.73,1571798.0,10486728.0,92945755.00000001,0.0169109175561595,bj430090,同辉信息
218,2022-03-11,6.7,6.76,6.4,6.75,2295712.0,15019974.0,92945755.00000001,0.024699481972038417,bj430090,同辉信息
219,2022-03-14,6.75,6.75,6.36,6.36,2652589.0,17109572.0,92945755.00000001,0.028539108644606733,bj430090,同辉信息
220,2022-03-15,6.38,6.38,5.71,5.78,3179714.0,19036891.0,92945755.00000001,0.034210427361636896,bj430090,同辉信息
221,2022-03-16,5.87,6.05,5.72,6.05,2156846.0,12755319.0,92945755.00000001,0.023205427725020898,bj430090,同辉信息
222,2022-03-17,6.13,6.85,6.11,6.47,5172961.0,33889943.0,92945755.00000001,0.05565569939154294,bj430090,同辉信息
223,2022-03-18,6.52,6.85,6.4,6.64,2802261.0,18565297.0,92945755.00000001,0.030149424252888146,bj430090,同辉信息
224,2022-03-21,6.69,6.8,6.48,6.55,2135331.0,14111910.0,92945755.00000001,0.022973948621967725,bj430090,同辉信息
225,2022-03-22,6.61,6.67,6.38,6.47,1577747.0,10288955.0,92945755.00000001,0.016974922630947478,bj430090,同辉信息
226,2022-03-23,6.31,6.52,6.3,6.33,1592476.0,10176185.0,92945755.00000001,0.017133391406632822,bj430090,同辉信息
227,2022-03-24,6.31,6.37,6.05,6.06,2091714.0,12809582.0,92945755.00000001,0.02250467490419546,bj430090,同辉信息
228,2022-03-25,6.07,6.38,6.06,6.08,1319376.0,8128082.0,92945755.00000001,0.014195118432251153,bj430090,同辉信息
229,2022-03-28,6.17,6.18,6.03,6.09,1471148.0,8958795.0,92945755.00000001,0.01582802786420961,bj430090,同辉信息
230,2022-03-29,6.16,6.17,5.93,5.96,1341704.0,8100317.0,92945755.00000001,0.01443534457275644,bj430090,同辉信息
231,2022-03-30,5.96,6.07,5.95,6.0,1388233.0,8329704.0,92945755.00000001,0.01493594839269421,bj430090,同辉信息
232,2022-03-31,5.96,6.1,5.8,5.96,2295492.0,13574727.0,92945755.00000001,0.024697115000034155,bj430090,同辉信息
233,2022-04-01,5.9,6.3,5.83,6.19,2584151.0,15896982.0,92945755.00000001,0.02780278668993543,bj430090,同辉信息
234,2022-04-06,6.19,6.27,5.99,6.06,2127600.0,12950922.0,92945755.00000001,0.022890771073945222,bj430090,同辉信息
235,2022-04-07,5.93,6.04,5.86,5.87,1316968.0,7786018.0,92945755.00000001,0.01416921084776814,bj430090,同辉信息
236,2022-04-08,5.96,5.96,5.74,5.74,1099210.0,6357645.0,92945755.00000001,0.011826360440022245,bj430090,同辉信息
237,2022-04-11,5.83,5.87,5.5,5.55,918618.0,5181796.0,92945755.00000001,0.00988337767550546,bj430090,同辉信息
238,2022-04-12,5.56,5.79,5.55,5.68,649558.0,3669047.0,92945755.00000001,0.006988570914292965,bj430090,同辉信息
239,2022-04-13,5.69,5.7,5.48,5.52,1207395.0,6743457.0,92945755.00000001,0.01299031892311811,bj430090,同辉信息
240,2022-04-14,5.52,5.66,5.52,5.54,852207.0,4758416.0,92945755.00000001,0.009168864140164334,bj430090,同辉信息
241,2022-04-15,5.48,5.57,5.35,5.42,1125148.0,6074215.0,92945755.00000001,0.012105426439324742,bj430090,同辉信息
242,2022-04-18,5.32,5.45,5.32,5.44,708759.0,3823939.0,92945755.00000001,0.007625512321676228,bj430090,同辉信息
243,2022-04-19,5.47,5.47,5.0,5.29,946576.0,5037349.0,92945755.00000001,0.010184176781392542,bj430090,同辉信息
244,2022-04-20,5.45,5.58,5.33,5.34,1493481.0,8161240.0,92945755.00000001,0.016068307799533176,bj430090,同辉信息
245,2022-04-21,5.35,5.36,5.08,5.12,1100806.0,5723415.0,92945755.00000001,0.011843531746016801,bj430090,同辉信息
246,2022-04-22,5.06,5.21,5.02,5.08,745380.0,3823106.0,92945755.00000001,0.00801951632971296,bj430090,同辉信息
247,2022-04-25,4.95,5.04,4.78,4.8,1625974.0,7999064.0,92945755.00000001,0.017493795171172687,bj430090,同辉信息
248,2022-04-26,4.83,4.92,4.52,4.54,859597.0,4066610.0,92945755.00000001,0.009248372881580228,bj430090,同辉信息
249,2022-04-27,4.55,4.77,4.37,4.68,1618425.0,7415818.0,92945755.00000001,0.01741257575453553,bj430090,同辉信息
250,2022-04-28,4.74,4.74,4.53,4.55,807601.0,3702154.0,92945755.00000001,0.008688949807336546,bj430090,同辉信息
251,2022-04-29,4.64,4.78,4.59,4.78,1336109.0,6295546.0,92945755.00000001,0.014375148171102595,bj430090,同辉信息
252,2022-05-05,4.71,4.88,4.71,4.86,1117127.0,5365206.0,92945755.00000001,0.012019128791842078,bj430090,同辉信息
253,2022-05-06,4.78,4.88,4.71,4.81,930581.0,4452699.0,92945755.00000001,0.010012087157719035,bj430090,同辉信息
254,2022-05-09,4.8,4.9,4.75,4.83,742940.0,3582397.0,92945755.00000001,0.00799326445839296,bj430090,同辉信息
255,2022-05-10,4.76,4.87,4.74,4.84,775567.0,3747853.0,92945755.00000001,0.00834429716558868,bj430090,同辉信息
256,2022-05-11,4.87,5.01,4.86,4.87,1335758.0,6605359.0,92945755.00000001,0.014371371774859431,bj430090,同辉信息
257,2022-05-12,4.87,4.93,4.84,4.86,777380.0,3779652.0,92945755.00000001,0.008363803166696531,bj430090,同辉信息
258,2022-05-13,4.92,5.4,4.85,5.37,4411323.0,22927298.0,92945755.00000001,0.047461263830715014,bj430090,同辉信息
259,2022-05-16,5.35,5.4,5.19,5.29,1834591.0,9716050.0,92945755.00000001,0.019738297892141494,bj430090,同辉信息
260,2022-05-17,5.33,5.33,5.06,5.11,1199121.0,6174062.0,92945755.00000001,0.012901299257830547,bj430090,同辉信息
261,2022-05-18,5.16,5.23,5.1,5.17,723520.0,3742808.0,92945755.00000001,0.007784325384198557,bj430090,同辉信息
262,2022-05-19,5.09,5.17,5.05,5.12,543353.0,2773596.0,92945755.00000001,0.005845915179235457,bj430090,同辉信息
263,2022-05-20,5.18,5.32,5.12,5.19,893431.0,4640017.0,92945755.00000001,0.00961239165790842,bj430090,同辉信息
264,2022-05-23,5.2,5.53,5.2,5.35,1560936.0,8415107.0,92945755.00000001,0.01679405369293089,bj430090,同辉信息
265,2022-05-24,5.34,5.34,5.06,5.06,1340402.0,6967728.0,92945755.00000001,0.014421336402076672,bj430090,同辉信息
266,2022-05-25,5.09,5.22,5.06,5.19,838613.0,4312685.0,92945755.00000001,0.00902260678822825,bj430090,同辉信息
267,2022-05-26,5.15,5.21,5.13,5.2,394033.0,2039610.0,92945755.00000001,0.004239386726160866,bj430090,同辉信息
268,2022-05-27,5.25,5.25,5.12,5.15,449272.0,2317585.0,92945755.00000001,0.004833701119540101,bj430090,同辉信息
269,2022-05-30,5.19,5.2,5.12,5.14,275314.0,1420041.0,92945755.00000001,0.0029620933199154707,bj430090,同辉信息
270,2022-05-31,5.24,5.24,5.11,5.18,449907.0,2322474.0,92945755.00000001,0.004840533061461494,bj430090,同辉信息
271,2022-06-01,5.15,5.18,5.11,5.13,666260.0,3423018.0,92945755.00000001,0.007168267125271077,bj430090,同辉信息
272,2022-06-02,5.07,5.15,5.07,5.14,758726.0,3879896.0,92945755.00000001,0.00816310545866242,bj430090,同辉信息
273,2022-06-06,5.16,5.42,5.1,5.28,1394979.0,7374188.0,92945755.00000001,0.015008528361515809,bj430090,同辉信息
274,2022-06-07,5.28,5.35,5.18,5.2,687647.0,3593977.0,92945755.00000001,0.007398369080976317,bj430090,同辉信息
275,2022-06-08,5.26,5.28,5.1,5.16,615844.0,3175312.0,92945755.00000001,0.006625843213603461,bj430090,同辉信息
276,2022-06-09,5.12,5.15,5.05,5.07,555485.0,2826311.0,92945755.00000001,0.005976442926306854,bj430090,同辉信息
277,2022-06-10,5.05,5.12,5.02,5.11,400459.0,2028326.0,92945755.00000001,0.00430852382661263,bj430090,同辉信息
278,2022-06-13,5.04,5.11,5.0,5.04,763542.0,3845237.0,92945755.00000001,0.008214920627628446,bj430090,同辉信息
279,2022-06-14,4.99,5.01,4.9,4.99,705886.0,3496274.0,92945755.00000001,0.007594601819093297,bj430090,同辉信息
280,2022-06-15,4.98,5.04,4.92,4.99,405016.0,2025059.0,92945755.00000001,0.0043575524239918215,bj430090,同辉信息
281,2022-06-16,4.99,5.28,4.92,5.13,1300938.0,6713776.0,92945755.00000001,0.013996744660366682,bj430090,同辉信息
282,2022-06-17,5.07,5.17,4.98,5.05,945192.0,4786189.0,92945755.00000001,0.010169286375693004,bj430090,同辉信息
283,2022-06-20,5.05,5.09,5.02,5.05,594573.0,3000126.0,92945755.00000001,0.006396989297682287,bj430090,同辉信息
284,2022-06-21,5.07,5.08,5.01,5.04,600932.0,3023000.0,92945755.00000001,0.006465405547569116,bj430090,同辉信息
285,2022-06-22,5.05,5.06,5.01,5.04,905163.0,4551799.0,92945755.00000001,0.009738615819517522,bj430090,同辉信息
286,2022-06-23,5.04,5.04,4.99,5.01,631306.0,3155548.0,92945755.00000001,0.00679219830964846,bj430090,同辉信息
287,2022-06-24,5.06,5.06,4.98,5.0,633581.0,3172476.0,92945755.00000001,0.006816674951965261,bj430090,同辉信息
288,2022-06-27,5.06,5.17,5.05,5.06,861241.0,4386094.0,92945755.00000001,0.009266060617830259,bj430090,同辉信息
289,2022-06-28,5.02,5.37,5.02,5.3,2217488.0,11654405.0,92945755.00000001,0.023857872799032075,bj430090,同辉信息
290,2022-06-29,5.3,5.65,5.27,5.31,3330963.0,18248217.0,92945755.00000001,0.0358377098556034,bj430090,同辉信息
291,2022-06-30,5.26,5.57,5.2,5.4,1979154.0,10644143.0,92914344.0,0.021300844571425916,bj430090,同辉信息
292,2022-07-01,5.4,5.5,5.25,5.3,1150777.0,6146179.0,92914344.0,0.012385353546703188,bj430090,同辉信息
293,2022-07-04,5.32,5.33,5.22,5.22,761755.0,4003811.0,92914344.0,0.00819846502925318,bj430090,同辉信息
294,2022-07-05,5.33,5.38,5.26,5.29,744654.0,3950330.0,92914344.0,0.008014413791696146,bj430090,同辉信息
295,2022-07-06,5.24,5.32,5.14,5.18,591315.0,3090136.0,92914344.0,0.006364087336181376,bj430090,同辉信息
296,2022-07-07,5.22,5.32,5.17,5.22,839361.0,3350091.0,120788647.0,0.006949005728990407,bj430090,同辉信息
297,2022-07-08,5.29,5.29,5.21,5.22,465332.0,1853830.0,120788647.0,0.0038524481526811044,bj430090,同辉信息
298,2022-07-11,5.22,5.28,5.09,5.15,804676.0,3171618.0,120788647.0,0.006661851258256084,bj430090,同辉信息
299,2022-07-12,5.12,5.17,4.94,4.96,1148321.0,4399445.0,120788647.0,0.009506862014937546,bj430090,同辉信息
300,2022-07-13,4.96,5.04,4.88,4.88,943682.0,3523570.0,120788647.0,0.007812671334914447,bj430090,同辉信息
301,2022-07-14,4.84,4.91,4.76,4.83,1623836.0,5919507.0,120788647.0,0.013443614448301586,bj430090,同辉信息
302,2022-07-15,4.79,4.9,4.71,4.71,1030927.0,3740811.0,120788647.0,0.00853496603865428,bj430090,同辉信息
303,2022-07-18,4.78,4.78,4.66,4.7,769802.0,2752406.0,120788647.0,0.006373132070930474,bj430090,同辉信息
304,2022-07-19,4.75,4.75,4.63,4.7,901380.0,3209648.0,120788647.0,0.007462456301874133,bj430090,同辉信息
305,2022-07-20,4.7,4.74,4.67,4.73,716181.0,2569098.0,120788647.0,0.005929207899811975,bj430090,同辉信息
306,2022-07-21,4.73,4.73,4.63,4.63,648515.0,2304513.0,120788647.0,0.005369006244436201,bj430090,同辉信息
307,2022-07-22,4.7,4.7,4.58,4.59,757085.0,2661356.0,120788647.0,0.006267848997431025,bj430090,同辉信息
308,2022-07-25,4.62,4.62,4.53,4.54,1274924.0,4408499.0,120788647.0,0.010554998600158176,bj430090,同辉信息
309,2022-07-26,4.59,4.65,4.53,4.65,1194666.0,4172415.0,120788647.0,0.009890548736753381,bj430090,同辉信息
310,2022-07-27,4.62,4.7,4.58,4.69,1243463.0,4394820.0,120788647.0,0.010294535379637128,bj430090,同辉信息
311,2022-07-28,4.65,4.71,4.59,4.61,786330.0,2769279.0,120788647.0,0.006509966122892328,bj430090,同辉信息
312,2022-07-29,4.61,4.61,4.53,4.54,952948.0,3300091.0,120788647.0,0.007889383842506325,bj430090,同辉信息
313,2022-08-01,4.54,4.54,4.45,4.48,932862.0,3175584.0,120788647.0,0.007723093379794212,bj430090,同辉信息
314,2022-08-02,4.46,4.46,4.21,4.27,1671329.0,5494133.0,120788647.0,0.013836805374597829,bj430090,同辉信息
315,2022-08-03,4.36,4.36,4.23,4.24,898145.0,2918704.0,120788647.0,0.007435673983499459,bj430090,同辉信息
316,2022-08-04,4.31,4.32,4.2,4.23,831127.0,2675750.0,120788647.0,0.006880837070722384,bj430090,同辉信息
317,2022-08-05,4.24,4.31,4.21,4.28,759195.0,2377750.0,120788647.0,0.006285317526571847,bj430090,同辉信息
318,2022-08-08,4.25,4.25,4.1,4.13,1789182.0,5626394.0,120788647.0,0.014812501376888509,bj430090,同辉信息
319,2022-08-09,4.12,4.17,4.12,4.13,552444.0,1743426.0,120788647.0,0.0045736417595604,bj430090,同辉信息
320,2022-08-10,4.15,4.21,4.15,4.2,977849.0,3121745.0,120788647.0,0.008095537323139317,bj430090,同辉信息
321,2022-08-11,4.17,4.65,4.17,4.57,3532567.0,12016017.0,120788647.0,0.029245852882183537,bj430090,同辉信息
322,2022-08-12,4.58,4.86,4.45,4.62,3895111.0,13870589.0,120788647.0,0.03224732701906993,bj430090,同辉信息
323,2022-08-15,4.67,4.67,4.48,4.52,1569913.0,5411523.0,120788647.0,0.012997190042206532,bj430090,同辉信息
324,2022-08-16,4.52,4.53,4.42,4.45,1219439.0,4150460.0,120788647.0,0.010095642515144656,bj430090,同辉信息
325,2022-08-17,4.48,4.48,4.4,4.44,817476.0,2755667.0,120788647.0,0.006767821482427897,bj430090,同辉信息
326,2022-08-18,4.37,4.42,4.25,4.27,2197358.0,7251587.0,120788647.0,0.018191759362947413,bj430090,同辉信息
327,2022-08-19,4.28,4.33,4.19,4.19,2208819.0,7151985.0,120788647.0,0.018286644108200002,bj430090,同辉信息
328,2022-08-22,4.19,4.19,4.1,4.13,1239707.0,3912755.0,120788647.0,0.010263439741981711,bj430090,同辉信息
329,2022-08-23,4.15,4.17,4.12,4.15,819000.0,2587155.0,120788647.0,0.006780438562243354,bj430090,同辉信息
330,2022-08-24,4.15,4.16,4.04,4.07,1295198.0,4032076.0,120788647.0,0.01072284550053781,bj430090,同辉信息
331,2022-08-25,4.07,4.13,4.06,4.11,663688.0,2069350.0,120788647.0,0.005494622354698617,bj430090,同辉信息
332,2022-08-26,4.11,4.17,4.11,4.12,355143.0,1118328.0,120788647.0,0.0029402018221132984,bj430090,同辉信息
333,2022-08-29,4.02,4.11,4.0,4.04,597865.0,1846162.0,120788647.0,0.004949678755818831,bj430090,同辉信息
334,2022-08-30,4.03,4.15,4.03,4.12,650810.0,2038330.0,120788647.0,0.005388006374473257,bj430090,同辉信息
335,2022-08-31,4.13,4.13,4.03,4.04,375048.0,1162889.0,120788647.0,0.0031049937996242313,bj430090,同辉信息
336,2022-09-01,4.08,4.1,3.94,3.94,666045.0,2029340.0,120788647.0,0.005514135778009004,bj430090,同辉信息
337,2022-09-02,3.96,4.04,3.91,4.04,575525.0,1742016.0,120788647.0,0.004764727598943964,bj430090,同辉信息
338,2022-09-05,4.11,4.12,3.98,4.08,589989.0,1836593.0,120788647.0,0.004884473952258112,bj430090,同辉信息
339,2022-09-06,4.07,4.08,4.02,4.08,250800.0,773284.0,120788647.0,0.002076354079866463,bj430090,同辉信息
340,2022-09-07,4.06,4.1,3.94,4.02,461024.0,1409910.0,120788647.0,0.0038167825491082783,bj430090,同辉信息
341,2022-09-08,4.0,4.03,3.99,3.99,315905.0,963938.0,120788647.0,0.0026153534114841106,bj430090,同辉信息
342,2022-09-09,4.02,4.04,3.98,4.03,168434.0,513544.0,140414663.0,0.0011995470871870413,bj430090,同辉信息
343,2022-09-13,4.1,4.1,4.0,4.07,328205.0,1010485.0,140414663.0,0.0023373983385196746,bj430090,同辉信息
344,2022-09-14,4.07,4.07,3.98,4.03,270854.0,823996.0,140414663.0,0.0019289580889426056,bj430090,同辉信息
345,2022-09-15,3.99,4.0,3.89,3.94,1257819.0,3760654.0,140414663.0,0.008957889248361476,bj430090,同辉信息
346,2022-09-16,3.85,4.53,3.83,4.2,5864000.0,18926858.0,140414663.0,0.04176202025282787,bj430090,同辉信息
347,2022-09-19,4.07,4.25,3.95,4.04,4467440.0,12145375.0,140414663.0,0.03181605043627103,bj430090,同辉信息
348,2022-09-20,3.99,4.13,3.96,4.11,1749540.0,5421242.0,140414663.0,0.012459809841939371,bj430090,同辉信息
349,2022-09-21,4.02,4.57,4.02,4.44,7998224.0,24745223.0,140414663.0,0.05696145850522748,bj430090,同辉信息
350,2022-09-22,4.44,4.58,4.33,4.34,6163095.0,18867870.0,140414663.0,0.043892104060385774,bj430090,同辉信息
351,2022-09-23,4.4,4.4,4.11,4.15,4134020.0,11469149.0,140414663.0,0.029441512101909185,bj430090,同辉信息
352,2022-09-26,4.11,4.13,4.0,4.0,2764824.0,7232709.0,140414663.0,0.01969042221751442,bj430090,同辉信息
353,2022-09-27,3.98,4.12,3.98,4.02,618005.0,1898818.0,140414663.0,0.004401285355789373,bj430090,同辉信息
354,2022-09-28,4.03,4.04,3.96,3.98,666687.0,2032593.0,140414663.0,0.0047479870389319665,bj430090,同辉信息
355,2022-09-29,4.03,4.07,3.9,3.94,1042916.0,3163158.0,140414663.0,0.007427400940313477,bj430090,同辉信息
356,2022-09-30,3.94,4.0,3.91,3.92,478117.0,1434520.0,140414663.0,0.003405036125037739,bj430090,同辉信息
357,2022-10-10,3.94,3.95,3.79,3.86,1247080.0,3669438.0,140414663.0,0.008881408631803646,bj430090,同辉信息
358,2022-10-11,3.86,3.86,3.77,3.85,634838.0,1859204.0,140414663.0,0.0045211659981692935,bj430090,同辉信息
359,2022-10-12,3.82,3.87,3.78,3.86,512227.0,1499801.0,140414663.0,0.0036479594727225886,bj430090,同辉信息
360,2022-10-13,3.85,3.92,3.82,3.92,803454.0,2383534.0,140414663.0,0.005722009246285055,bj430090,同辉信息
361,2022-10-14,3.95,4.03,3.91,4.0,1120913.0,3396311.0,140414663.0,0.007982877115903486,bj430090,同辉信息
362,2022-10-17,4.0,4.03,3.94,3.99,961901.0,2918856.0,140414663.0,0.006850431282949417,bj430090,同辉信息
363,2022-10-18,3.96,3.98,3.9,3.95,1200994.0,3605870.0,140414663.0,0.008553195046303676,bj430090,同辉信息
364,2022-10-19,3.9,3.94,3.86,3.87,1171426.0,3467289.0,140414663.0,0.008342618747730072,bj430090,同辉信息
365,2022-10-20,3.86,3.9,3.82,3.89,571498.0,1690672.0,140414663.0,0.00407007350792132,bj430090,同辉信息
366,2022-10-21,3.86,3.89,3.82,3.86,559676.0,1639526.0,140414663.0,0.003985880021661271,bj430090,同辉信息
367,2022-10-24,3.87,3.87,3.79,3.81,756118.0,2205866.0,140414663.0,0.005384893456604315,bj430090,同辉信息
368,2022-10-25,3.83,3.83,3.75,3.77,885370.0,2545947.0,140414663.0,0.0063053956124226145,bj430090,同辉信息
369,2022-10-26,3.77,3.83,3.77,3.82,680576.0,1969130.0,140414663.0,0.004846901210025337,bj430090,同辉信息
370,2022-10-27,3.85,3.85,3.74,3.77,1034318.0,2970113.0,140414663.0,0.007366168019076469,bj430090,同辉信息
371,2022-10-28,3.77,3.78,3.64,3.68,721844.0,2034942.0,140414663.0,0.005140802139730948,bj430090,同辉信息
372,2022-10-31,3.68,3.81,3.64,3.77,770849.0,2209350.0,140414663.0,0.005489804152433852,bj430090,同辉信息
373,2022-11-01,3.82,3.82,3.75,3.81,701362.0,2020435.0,140414663.0,0.0049949341829065245,bj430090,同辉信息
374,2022-11-02,4.1,4.5,4.02,4.03,6715293.0,21540321.0,140414663.0,0.047824727535756006,bj430090,同辉信息
375,2022-11-03,3.87,4.0,3.82,3.9,3772194.0,11156201.0,140414663.0,0.02686467295798018,bj430090,同辉信息
376,2022-11-04,3.9,3.94,3.83,3.91,1613679.0,4784629.0,140414663.0,0.011492239952176504,bj430090,同辉信息
377,2022-11-07,3.89,4.31,3.89,4.2,6599906.0,20808491.0,140414663.0,0.047002968628710805,bj430090,同辉信息
378,2022-11-08,4.23,4.45,4.17,4.2,4814631.0,15761793.0,140414663.0,0.03428866257365158,bj430090,同辉信息
379,2022-11-09,4.21,4.33,4.06,4.12,4098280.0,12982050.0,140414663.0,0.029186980279972612,bj430090,同辉信息
380,2022-11-10,4.2,4.33,4.16,4.28,4604370.0,14951236.0,140414663.0,0.032791233491049294,bj430090,同辉信息
381,2022-11-11,4.38,4.4,4.07,4.11,4669040.0,15061766.0,140414663.0,0.033251797926545604,bj430090,同辉信息
382,2022-11-14,4.17,4.24,4.1,4.12,2020726.0,6390188.0,140414663.0,0.014391132356312389,bj430090,同辉信息
383,2022-11-15,4.2,4.2,4.07,4.17,1584293.0,4997055.0,140414663.0,0.011282959814531621,bj430090,同辉信息
384,2022-11-16,4.19,4.19,4.1,4.12,1789616.0,5625816.0,140414663.0,0.012745221629738198,bj430090,同辉信息
385,2022-11-17,4.13,4.15,4.08,4.12,825508.0,2582035.0,140414663.0,0.005879072615087215,bj430090,同辉信息
386,2022-11-18,4.15,4.16,4.1,4.11,1212979.0,3813975.0,140414663.0,0.008638549379988897,bj430090,同辉信息
387,2022-11-21,4.23,4.36,4.2,4.24,3201601.0,10427553.0,140414663.0,0.022801044645885737,bj430090,同辉信息
388,2022-11-22,4.25,4.25,4.11,4.13,1175187.0,3720039.0,140414663.0,0.008369403699669173,bj430090,同辉信息
389,2022-11-23,4.12,4.12,4.0,4.06,1095217.0,3381732.0,140414663.0,0.007799876285000235,bj430090,同辉信息
390,2022-11-24,4.06,4.12,4.04,4.07,457545.0,1416748.0,140414663.0,0.0032585272095123,bj430090,同辉信息
391,2022-11-25,4.04,4.07,3.96,3.99,1317111.0,3998052.0,140414663.0,0.009380152840590445,bj430090,同辉信息
392,2022-11-28,3.99,3.99,3.86,3.92,848526.0,2527827.0,140414663.0,0.006043001363753585,bj430090,同辉信息
393,2022-11-29,4.02,4.02,3.91,3.99,514921.0,1553164.0,140414663.0,0.0036671455031729843,bj430090,同辉信息
394,2022-11-30,3.94,3.99,3.94,3.98,465093.0,1401362.0,140414663.0,0.003312282279237461,bj430090,同辉信息
395,2022-12-01,4.0,4.0,3.92,3.94,856909.0,2584641.0,140414663.0,0.0061027031058715,bj430090,同辉信息
396,2022-12-02,3.95,4.03,3.95,3.98,671526.0,2043092.0,140414663.0,0.004782449251756564,bj430090,同辉信息
397,2022-12-05,3.99,3.99,3.94,3.99,403419.0,1218254.0,140414663.0,0.0028730546467216176,bj430090,同辉信息
398,2022-12-06,4.0,4.0,3.94,3.95,690061.0,2074858.0,140414663.0,0.0049144511353490196,bj430090,同辉信息
399,2022-12-07,3.94,3.96,3.92,3.95,601951.0,1804445.0,140414663.0,0.004286952567054909,bj430090,同辉信息
400,2022-12-08,3.91,3.94,3.91,3.94,335402.0,1003964.0,140414663.0,0.0023886536693108755,bj430090,同辉信息
401,2022-12-09,3.94,3.95,3.91,3.94,616082.0,1846392.0,140414663.0,0.0043875902048776776,bj430090,同辉信息
402,2022-12-12,3.91,3.98,3.91,3.91,286567.0,856446.0,140414663.0,0.002040862356376556,bj430090,同辉信息
403,2022-12-13,3.92,3.92,3.82,3.86,2417535.0,7124546.0,140414663.0,0.017217112147326095,bj430090,同辉信息
404,2022-12-14,3.87,3.87,3.75,3.81,955555.0,2782559.0,140414663.0,0.006805236572764484,bj430090,同辉信息
405,2022-12-15,3.79,3.81,3.71,3.79,594874.0,1716484.0,140414663.0,0.004236551847865063,bj430090,同辉信息
406,2022-12-16,3.77,3.79,3.73,3.79,570360.0,1635013.0,140414663.0,0.004061968941235147,bj430090,同辉信息
407,2022-12-19,3.75,3.81,3.7,3.75,892614.0,2545681.0,140414663.0,0.006356985666091012,bj430090,同辉信息
408,2022-12-20,3.7,3.79,3.69,3.71,1028367.0,2898619.0,140414663.0,0.00732378640541266,bj430090,同辉信息
409,2022-12-21,3.75,3.75,3.62,3.64,1174463.0,3285982.0,140414663.0,0.00836424754300767,bj430090,同辉信息
410,2022-12-22,3.64,3.66,3.61,3.62,761134.0,2110263.0,140414663.0,0.0054206162215409085,bj430090,同辉信息
411,2022-12-23,3.62,3.65,3.49,3.6,458886.0,1246807.0,140414663.0,0.00326807749415743,bj430090,同辉信息
412,2022-12-26,3.54,3.65,3.54,3.61,605047.0,1655326.0,140414663.0,0.004309001546369841,bj430090,同辉信息
413,2022-12-27,3.56,3.62,3.56,3.58,530126.0,1445745.0,140414663.0,0.0037754319148278694,bj430090,同辉信息
414,2022-12-28,3.57,3.6,3.54,3.57,291175.0,791650.0,140414663.0,0.0020736794418685462,bj430090,同辉信息
415,2022-12-29,3.54,3.58,3.54,3.54,409292.0,1109479.0,140414663.0,0.002914880762844547,bj430090,同辉信息
416,2022-12-30,3.64,3.64,3.54,3.57,390826.0,1060857.0,140414663.0,0.002783370280922869,bj430090,同辉信息
417,2023-01-03,3.64,3.64,3.54,3.61,740588.0,2017981.0,140414663.0,0.005274292471862429,bj430090,同辉信息
418,2023-01-04,3.58,3.64,3.58,3.58,589536.0,1615111.0,140414663.0,0.004198535875131503,bj430090,同辉信息
419,2023-01-05,3.56,3.58,3.54,3.58,1752332.0,4746798.0,140414663.0,0.012479693805197539,bj430090,同辉信息
420,2023-01-06,3.6,3.61,3.56,3.6,364686.0,993249.0,140414663.0,0.0025972073870946084,bj430090,同辉信息
421,2023-01-09,3.57,3.6,3.56,3.58,507235.0,1380456.0,140414663.0,0.003612407630106266,bj430090,同辉信息
422,2023-01-10,3.58,3.6,3.52,3.56,951203.0,2563841.0,140414663.0,0.006774242658688715,bj430090,同辉信息
423,2023-01-11,3.57,3.57,3.5,3.54,733968.0,1971860.0,140414663.0,0.005227146398521071,bj430090,同辉信息
424,2023-01-12,3.5,3.53,3.47,3.5,836622.0,2225872.0,140414663.0,0.0059582238928992766,bj430090,同辉信息
425,2023-01-13,3.47,3.5,3.44,3.49,1464973.0,3865142.0,140414663.0,0.010433191012252046,bj430090,同辉信息
426,2023-01-16,3.49,3.5,3.44,3.48,607409.0,1608411.0,140414663.0,0.004325823151389823,bj430090,同辉信息
427,2023-01-17,3.5,3.5,3.47,3.49,425880.0,1131497.0,140414663.0,0.0030330165732050363,bj430090,同辉信息
428,2023-01-18,3.5,3.52,3.45,3.52,473229.0,1258555.0,140414663.0,0.0033702249458092562,bj430090,同辉信息
429,2023-01-19,3.5,3.54,3.47,3.52,799636.0,2135920.0,140414663.0,0.005694818353835312,bj430090,同辉信息
430,2023-01-20,3.54,3.73,3.53,3.65,2414931.0,6747432.0,140414663.0,0.017198567075576716,bj430090,同辉信息
431,2023-01-30,3.7,3.75,3.64,3.7,1899320.0,5353352.0,140414663.0,0.013526507555695946,bj430090,同辉信息
432,2023-01-31,3.7,4.06,3.66,4.06,7624754.0,22698123.0,140414663.0,0.05430169354891376,bj430090,同辉信息
433,2023-02-01,4.06,4.17,3.96,4.06,5613046.0,17350581.0,140414663.0,0.03997478525444312,bj430090,同辉信息
434,2023-02-02,3.99,4.1,3.95,4.02,2645065.0,8093150.0,140414663.0,0.01883752696112656,bj430090,同辉信息
435,2023-02-03,4.04,4.16,3.99,4.03,2060546.0,6352746.0,140414663.0,0.014674720972694996,bj430090,同辉信息
436,2023-02-06,4.02,4.02,3.85,3.85,3997493.0,11919468.0,140414663.0,0.028469199117758807,bj430090,同辉信息
437,2023-02-07,3.87,3.9,3.85,3.85,1338337.0,3939711.0,140414663.0,0.009531319389343262,bj430090,同辉信息
438,2023-02-08,3.87,3.89,3.81,3.83,1576809.0,4623541.0,140414663.0,0.011229660537660514,bj430090,同辉信息
439,2023-02-09,3.85,3.85,3.73,3.78,2941800.0,8446347.0,140414663.0,0.02095080340719117,bj430090,同辉信息
440,2023-02-10,3.78,3.79,3.75,3.75,911932.0,2618804.0,140414663.0,0.006494563890382303,bj430090,同辉信息
441,2023-02-13,3.73,3.86,3.73,3.85,2254407.0,6539373.0,140414663.0,0.016055353136445585,bj430090,同辉信息
442,2023-02-14,3.83,3.92,3.78,3.82,1367879.0,3975178.0,140414663.0,0.009741710522069907,bj430090,同辉信息
443,2023-02-15,3.83,3.89,3.81,3.87,1641984.0,4834759.0,140414663.0,0.011693821463645858,bj430090,同辉信息
444,2023-02-16,3.9,3.92,3.79,3.81,1766391.0,5173433.0,140414663.0,0.012579818676059494,bj430090,同辉信息
445,2023-02-17,3.81,3.85,3.78,3.79,730823.0,2114555.0,140414663.0,0.005204748452802254,bj430090,同辉信息
446,2023-02-20,3.81,3.87,3.79,3.83,853459.0,2488505.0,140414663.0,0.006078133022332575,bj430090,同辉信息
447,2023-02-21,3.81,3.83,3.73,3.75,2651243.0,7599589.0,140414663.0,0.018881525215069597,bj430090,同辉信息
448,2023-02-22,3.74,3.75,3.69,3.7,1133556.0,3199985.0,140414663.0,0.008072917569869466,bj430090,同辉信息
449,2023-02-23,3.69,3.7,3.64,3.68,1017639.0,2837123.0,140414663.0,0.00724738412825162,bj430090,同辉信息
450,2023-02-24,3.66,3.68,3.64,3.66,311607.0,868440.0,140414663.0,0.002219191310525739,bj430090,同辉信息
451,2023-02-27,3.68,3.68,3.53,3.56,1664546.0,4520292.0,140414663.0,0.011854502688227084,bj430090,同辉信息
452,2023-02-28,3.43,3.56,3.43,3.56,837483.0,2248255.0,140414663.0,0.005964355731138991,bj430090,同辉信息
453,2023-03-01,3.52,3.58,3.52,3.58,723803.0,1960196.0,140414663.0,0.0051547536741230505,bj430090,同辉信息
454,2023-03-02,3.58,3.91,3.57,3.73,4254304.0,12224274.0,140414663.0,0.03029814628405297,bj430090,同辉信息
455,2023-03-03,3.71,3.71,3.62,3.64,1330909.0,3715920.0,140414663.0,0.009478418931219455,bj430090,同辉信息
456,2023-03-06,3.61,3.65,3.54,3.57,1055941.0,2880503.0,140414663.0,0.0075201619078771,bj430090,同辉信息
457,2023-03-07,3.58,3.58,3.52,3.57,754531.0,2040005.0,140414663.0,0.00537359121817641,bj430090,同辉信息
458,2023-03-08,3.56,3.57,3.52,3.57,690748.0,1862619.0,140414663.0,0.004919343786766771,bj430090,同辉信息
459,2023-03-09,3.54,3.56,3.5,3.53,824998.0,2215591.0,140414663.0,0.005875440515781461,bj430090,同辉信息
460,2023-03-10,3.54,3.56,3.5,3.52,846460.0,2271805.0,140414663.0,0.006028287800683608,bj430090,同辉信息
461,2023-03-13,3.49,3.53,3.48,3.5,440941.0,1177959.0,140414663.0,0.003140277450938297,bj430090,同辉信息
462,2023-03-14,3.49,3.52,3.44,3.48,920705.0,2437011.0,140414663.0,0.006557043120204618,bj430090,同辉信息
463,2023-03-15,3.48,3.54,3.44,3.49,805943.0,2140701.0,140414663.0,0.005739735315249804,bj430090,同辉信息
464,2023-03-16,3.45,3.52,3.44,3.49,399541.0,1055281.0,140414663.0,0.002845436448471197,bj430090,同辉信息
465,2023-03-17,3.47,3.52,3.47,3.49,581252.0,1543636.0,140414663.0,0.004139539187584704,bj430090,同辉信息
466,2023-03-20,3.52,3.57,3.48,3.53,787152.0,2114355.0,140414663.0,0.005605910260241126,bj430090,同辉信息
467,2023-03-21,3.53,3.61,3.48,3.61,780063.0,2102752.0,140414663.0,0.005555424079891144,bj430090,同辉信息
468,2023-03-22,3.57,3.64,3.57,3.61,722642.0,1985564.0,140414663.0,0.005146485306879952,bj430090,同辉信息
469,2023-03-23,3.61,3.62,3.56,3.61,1071981.0,2943141.0,140414663.0,0.0076343949919247395,bj430090,同辉信息
470,2023-03-24,3.64,3.85,3.58,3.73,3942006.0,11261936.0,140414663.0,0.028074033835056102,bj430090,同辉信息
471,2023-03-27,3.78,3.9,3.7,3.77,3761319.0,10892102.0,140414663.0,0.02678722378160748,bj430090,同辉信息
472,2023-03-28,3.75,3.75,3.61,3.68,1581801.0,4410395.0,140414663.0,0.011265212380276838,bj430090,同辉信息
473,2023-03-29,3.68,3.79,3.62,3.74,2651452.0,7593320.0,140414663.0,0.018883013663608623,bj430090,同辉信息
474,2023-03-30,3.78,3.78,3.64,3.69,1200786.0,3353322.0,140414663.0,0.008551713719527995,bj430090,同辉信息
475,2023-03-31,3.61,3.69,3.61,3.66,699159.0,1947714.0,135723440.0,0.005151350422594653,bj430090,同辉信息
476,2023-04-03,3.66,3.69,3.61,3.65,851514.0,2371559.0,135723440.0,0.006273890493786482,bj430090,同辉信息
477,2023-04-04,3.68,3.68,3.6,3.61,2120134.0,5858569.0,135723440.0,0.01562098632336463,bj430090,同辉信息
478,2023-04-06,3.58,3.61,3.53,3.53,1580511.0,4279807.0,135723440.0,0.011645085034685239,bj430090,同辉信息
479,2023-04-07,3.52,3.57,3.49,3.57,1008080.0,2719791.0,135723440.0,0.007427456893223455,bj430090,同辉信息
480,2023-04-10,3.57,3.57,3.5,3.52,494417.0,1328674.0,135723440.0,0.0036428269133172574,bj430090,同辉信息
481,2023-04-11,3.49,3.6,3.49,3.57,275353.0,747877.0,135723440.0,0.0020287799955556684,bj430090,同辉信息
482,2023-04-12,3.56,3.56,3.53,3.56,348535.0,940410.0,135723440.0,0.002567979414609591,bj430090,同辉信息
483,2023-04-13,3.54,3.57,3.5,3.52,681202.0,1835138.0,135723440.0,0.0050190446101277715,bj430090,同辉信息
484,2023-04-14,3.52,3.54,3.49,3.53,304720.0,815645.0,135723440.0,0.0022451538216243265,bj430090,同辉信息
485,2023-04-17,3.54,3.56,3.5,3.53,422018.0,1134623.0,135723440.0,0.0031093965788076107,bj430090,同辉信息
486,2023-04-18,3.5,3.56,3.5,3.54,280089.0,753602.0,135723440.0,0.0020636744839358625,bj430090,同辉信息
487,2023-04-19,3.54,3.56,3.5,3.53,522197.0,1405325.0,135723440.0,0.0038475078438919615,bj430090,同辉信息
488,2023-04-20,3.53,3.54,3.43,3.45,1383996.0,3654670.0,135723440.0,0.010197177436705111,bj430090,同辉信息
489,2023-04-21,3.44,3.47,3.36,3.39,1048305.0,2719970.0,135723440.0,0.007723831638809037,bj430090,同辉信息
490,2023-04-24,3.33,3.39,3.24,3.32,1438897.0,3604448.0,135723440.0,0.010601683835894523,bj430090,同辉信息
491,2023-04-25,3.29,3.29,3.2,3.24,996527.0,2455121.0,135723440.0,0.007342335266480131,bj430090,同辉信息
492,2023-04-26,3.28,3.28,3.1,3.15,2410133.0,5775399.0,135723440.0,0.017757676934802125,bj430090,同辉信息
493,2023-04-27,3.12,3.15,3.1,3.15,394996.0,942633.0,135723440.0,0.0029103005346755137,bj430090,同辉信息
494,2023-04-28,3.14,3.22,3.12,3.22,1066510.0,2593922.0,135723440.0,0.007857964696444475,bj430090,同辉信息
495,2023-05-04,3.26,3.29,3.16,3.27,1198653.0,2948203.0,135723440.0,0.008831584286398872,bj430090,同辉信息
496,2023-05-05,3.27,3.52,3.23,3.43,3307236.0,8585859.0,135723440.0,0.02436746371886831,bj430090,同辉信息
497,2023-05-08,3.4,3.73,3.39,3.65,5215617.0,14390157.0,135723440.0,0.03842827001732346,bj430090,同辉信息
498,2023-05-09,3.52,3.73,3.4,3.41,4122055.0,10996795.0,135723440.0,0.030370988239024888,bj430090,同辉信息
499,2023-05-10,3.35,3.41,3.31,3.36,1004423.0,2568348.0,135723440.0,0.007400512394911299,bj430090,同辉信息
500,2023-05-11,3.36,3.75,3.36,3.58,5683332.0,15628515.0,135723440.0,0.041874358622209985,bj430090,同辉信息
501,2023-05-12,3.54,3.61,3.45,3.53,2666442.0,7133378.0,135723440.0,0.019646142184430337,bj430090,同辉信息
502,2023-05-15,3.45,3.56,3.43,3.53,1775190.0,4717622.0,135723440.0,0.013079465124078789,bj430090,同辉信息
503,2023-05-16,3.54,3.6,3.45,3.47,854662.0,2277669.0,135723440.0,0.006297084718748656,bj430090,同辉信息
504,2023-05-17,3.44,3.48,3.41,3.48,820128.0,2153555.0,135723440.0,0.006042640829027028,bj430090,同辉信息
505,2023-05-18,3.62,3.9,3.57,3.6,6401225.0,18115406.0,135723440.0,0.0471637397342714,bj430090,同辉信息
506,2023-05-19,3.6,3.87,3.54,3.77,6261847.0,17952186.0,135723440.0,0.046136813213693964,bj430090,同辉信息
507,2023-05-22,3.82,3.85,3.7,3.82,3947985.0,11336682.0,135723440.0,0.029088453696723277,bj430090,同辉信息
508,2023-05-23,3.9,3.9,3.7,3.74,1944530.0,5606466.0,135723440.0,0.014327149385544604,bj430090,同辉信息
509,2023-05-24,3.71,3.81,3.7,3.74,1742044.0,4974132.0,135723440.0,0.012835247912961829,bj430090,同辉信息
510,2023-05-25,3.71,3.79,3.57,3.62,2381002.0,6616385.0,135723440.0,0.01754304193881322,bj430090,同辉信息
511,2023-05-26,3.71,3.71,3.61,3.68,1280319.0,3572014.0,135723440.0,0.00943329317323522,bj430090,同辉信息
512,2023-05-29,3.68,3.75,3.58,3.7,1753398.0,4901759.0,135723440.0,0.012918903322815867,bj430090,同辉信息
513,2023-05-30,3.85,4.13,3.79,3.81,6592083.0,19642458.0,135723440.0,0.04856996698580584,bj430090,同辉信息
514,2023-05-31,3.64,3.74,3.64,3.71,4111314.0,11544392.0,135723440.0,0.030291849366623776,bj430090,同辉信息
515,2023-06-01,3.71,3.71,3.64,3.65,1923527.0,5388093.0,135723440.0,0.01417240087637036,bj430090,同辉信息
516,2023-06-02,3.62,3.71,3.61,3.7,2213455.0,6148579.0,135723440.0,0.016308568365199113,bj430090,同辉信息
517,2023-06-05,3.71,3.75,3.64,3.66,1949104.0,5484833.0,135723440.0,0.014360850270225984,bj430090,同辉信息
518,2023-06-06,3.64,3.68,3.56,3.58,1692514.0,4655151.0,135723440.0,0.012470314633935008,bj430090,同辉信息
519,2023-06-07,3.58,3.58,3.45,3.5,1605531.0,4279506.0,135723440.0,0.011829430494835674,bj430090,同辉信息
520,2023-06-08,3.45,3.5,3.45,3.47,783034.0,2069971.0,135723440.0,0.005769335053694483,bj430090,同辉信息
521,2023-06-09,3.52,3.52,3.45,3.48,415936.0,1100616.0,135723440.0,0.003064584864633552,bj430090,同辉信息
522,2023-06-12,3.47,3.53,3.45,3.5,570150.0,1518424.0,135723440.0,0.004200821906665496,bj430090,同辉信息
523,2023-06-13,3.5,3.52,3.48,3.5,488413.0,1303971.0,135723440.0,0.0035985898972204066,bj430090,同辉信息
524,2023-06-14,3.49,3.54,3.49,3.5,647440.0,1692906.0,135723440.0,0.004770288757785685,bj430090,同辉信息
525,2023-06-15,3.5,3.52,3.44,3.47,548745.0,1452992.0,135723440.0,0.004043111492016412,bj430090,同辉信息
526,2023-06-16,3.5,3.5,3.41,3.44,1133089.0,2960670.0,135723440.0,0.008348513712885556,bj430090,同辉信息
527,2023-06-19,3.44,3.44,3.39,3.39,698508.0,1814118.0,135723440.0,0.00514655390402719,bj430090,同辉信息
528,2023-06-20,3.36,3.36,3.19,3.23,2626523.0,6539286.0,135723440.0,0.019352022023609187,bj430090,同辉信息
529,2023-06-21,3.2,3.32,3.19,3.32,1628150.0,4056811.0,135723440.0,0.011996085569301809,bj430090,同辉信息
530,2023-06-26,3.32,3.33,3.22,3.23,828678.0,2056131.0,135723440.0,0.006105636579797859,bj430090,同辉信息
531,2023-06-27,3.24,3.28,3.19,3.26,563075.0,1391482.0,135723440.0,0.0041486938438931404,bj430090,同辉信息
532,2023-06-28,3.24,3.24,3.18,3.23,465843.0,1138833.0,135723440.0,0.003432295851033543,bj430090,同辉信息
533,2023-06-29,3.26,3.31,3.22,3.29,776245.0,1933844.0,135723440.0,0.005719314217205222,bj430090,同辉信息
534,2023-06-30,3.29,3.33,3.26,3.31,295509.0,743942.0,135723440.0,0.0021772878730453634,bj430090,同辉信息
535,2023-07-03,3.27,3.36,3.27,3.33,457650.0,1161355.0,135723440.0,0.0033719304491545456,bj430090,同辉信息
536,2023-07-04,3.29,3.37,3.29,3.36,583672.0,1486533.0,135723440.0,0.004300450975896279,bj430090,同辉信息
537,2023-07-05,3.33,3.36,3.31,3.32,406586.0,1029612.0,135723440.0,0.0029956947746093083,bj430090,同辉信息
538,2023-07-06,3.32,3.32,3.26,3.28,459951.0,1155927.0,135723440.0,0.0033888840424321693,bj430090,同辉信息
539,2023-07-07,3.27,3.29,3.24,3.27,658785.0,1634401.0,135723440.0,0.004853877856323123,bj430090,同辉信息
540,2023-07-10,3.29,3.31,3.24,3.26,512601.0,1274892.0,135723440.0,0.003776805244547294,bj430090,同辉信息
541,2023-07-11,3.27,3.27,3.24,3.26,358931.0,888548.0,135723440.0,0.0026445763532076698,bj430090,同辉信息
542,2023-07-12,3.26,3.31,3.24,3.26,490571.0,1224221.0,135723440.0,0.0036144898773564833,bj430090,同辉信息
543,2023-07-13,3.26,3.28,3.22,3.26,775109.0,1913114.0,135723440.0,0.005710944255465379,bj430090,同辉信息
544,2023-07-14,3.26,3.28,3.2,3.28,610747.0,1510148.0,135723440.0,0.004499937520003914,bj430090,同辉信息
545,2023-07-17,3.26,3.28,3.23,3.27,2198879.0,5131843.0,135723440.0,0.01620117350400196,bj430090,同辉信息
546,2023-07-18,3.28,3.28,3.22,3.23,1048121.0,2584977.0,135723440.0,0.007722475940780752,bj430090,同辉信息
547,2023-07-19,3.22,3.23,3.19,3.2,532818.0,1305007.0,135723440.0,0.003925762565405062,bj430090,同辉信息
548,2023-07-20,3.23,3.26,3.2,3.24,3587756.0,8283095.0,135723440.0,0.026434313778076948,bj430090,同辉信息
549,2023-07-21,3.26,3.27,3.24,3.26,558296.0,1383488.0,135723440.0,0.004113482534778075,bj430090,同辉信息
550,2023-07-24,3.26,3.28,3.26,3.27,449757.0,1119511.0,135723440.0,0.0033137754244955773,bj430090,同辉信息
551,2023-07-25,3.28,3.29,3.27,3.28,363029.0,907755.0,135723440.0,0.002674770106033269,bj430090,同辉信息
552,2023-07-26,3.28,3.43,3.28,3.37,1397233.0,3582767.0,135723440.0,0.010294706647576866,bj430090,同辉信息
553,2023-07-27,3.37,3.4,3.35,3.35,773474.0,1982986.0,135723440.0,0.00569889769961622,bj430090,同辉信息
554,2023-07-28,3.35,3.5,3.33,3.45,1723772.0,4515923.0,135723440.0,0.012700621204413917,bj430090,同辉信息
555,2023-07-31,3.5,3.73,3.47,3.73,4507015.0,12540980.0,135723440.0,0.03320734428776636,bj430090,同辉信息
556,2023-08-01,3.75,3.91,3.71,3.73,6077877.0,17706688.0,135723440.0,0.04478133622313139,bj430090,同辉信息
557,2023-08-09,3.75,4.02,3.7,3.87,6706618.0,19749944.0,135723440.0,0.049413852168792655,bj430090,同辉信息
558,2023-08-10,3.69,3.87,3.61,3.68,3940081.0,11012650.0,135723440.0,0.029030217624899574,bj430090,同辉信息
559,2023-08-11,3.68,3.68,3.5,3.54,2260069.0,6109968.0,135723440.0,0.01665201677764725,bj430090,同辉信息
560,2023-08-14,3.56,3.57,3.44,3.45,1310795.0,3463686.0,135723440.0,0.00965783802709392,bj430090,同辉信息
561,2023-08-15,3.49,3.49,3.35,3.36,1747024.0,4520594.0,135723440.0,0.012871940174814314,bj430090,同辉信息
562,2023-08-16,3.35,3.39,3.31,3.35,1016593.0,2595423.0,135723440.0,0.007490180030803817,bj430090,同辉信息
563,2023-08-17,3.29,3.4,3.28,3.39,880895.0,2249289.0,135723440.0,0.006490367470792076,bj430090,同辉信息
564,2023-08-18,3.32,3.41,3.32,3.37,793481.0,2034316.0,135723440.0,0.005846307756419967,bj430090,同辉信息
565,2023-08-21,3.33,3.37,3.31,3.32,1109868.0,2826050.0,135723440.0,0.00817742314813123,bj430090,同辉信息
566,2023-08-22,3.32,3.33,3.26,3.27,1275309.0,3200465.0,135723440.0,0.009396379873660732,bj430090,同辉信息
567,2023-08-23,3.27,3.28,3.2,3.2,861137.0,2118253.0,135723440.0,0.006344792027080952,bj430090,同辉信息
568,2023-08-24,3.2,3.23,3.19,3.22,524328.0,1282187.0,135723440.0,0.0038632088900782354,bj430090,同辉信息
569,2023-08-25,3.18,3.22,3.15,3.18,683914.0,1658027.0,135723440.0,0.005039026420196836,bj430090,同辉信息
570,2023-08-28,3.37,3.37,3.2,3.22,628287.0,1566908.0,135723440.0,0.0046291709081349545,bj430090,同辉信息
571,2023-08-29,3.2,3.32,3.2,3.29,515970.0,1289545.0,135723440.0,0.0038016277807282222,bj430090,同辉信息
572,2023-08-30,3.28,3.39,3.28,3.35,647794.0,1653199.0,135723440.0,0.00477289700290532,bj430090,同辉信息
573,2023-08-31,3.32,3.35,3.28,3.33,285484.0,719064.0,135723440.0,0.0021034244342760544,bj430090,同辉信息
574,2023-09-01,3.32,3.36,3.32,3.35,767805.0,1954100.0,135723440.0,0.005657128938081735,bj430090,同辉信息
575,2023-09-04,3.45,3.65,3.43,3.53,3301549.0,8907845.0,171874093.0,0.01920911373187581,bj430090,同辉信息
576,2023-09-05,3.6,3.6,3.45,3.49,977177.0,2614579.0,171874093.0,0.005685423457041894,bj430090,同辉信息
577,2023-09-06,3.5,3.5,3.37,3.43,802631.0,2090387.0,171874093.0,0.004669877734278429,bj430090,同辉信息
578,2023-09-07,3.41,3.41,3.33,3.35,797866.0,2045661.0,171874093.0,0.0046421539516138715,bj430090,同辉信息
579,2023-09-08,3.35,3.35,3.28,3.33,1132801.0,2849158.0,171874093.0,0.006590876962475084,bj430090,同辉信息
580,2023-09-11,3.39,3.4,3.32,3.32,961657.0,2460532.0,171874093.0,0.005595124798709483,bj430090,同辉信息
581,2023-09-12,3.32,3.33,3.29,3.32,504440.0,1271638.0,171874093.0,0.002934939124304208,bj430090,同辉信息
582,2023-09-13,3.29,3.33,3.26,3.28,682190.0,1702724.0,171874093.0,0.003969126399986297,bj430090,同辉信息
583,2023-09-14,3.27,3.32,3.26,3.29,398514.0,1000563.0,171874093.0,0.0023186391447604614,bj430090,同辉信息
584,2023-09-15,3.29,3.31,3.24,3.28,336241.0,838007.0,171874093.0,0.0019563215964141845,bj430090,同辉信息
585,2023-09-18,3.28,3.32,3.27,3.29,471378.0,1180311.0,171874093.0,0.002742577381921079,bj430090,同辉信息
586,2023-09-19,3.29,3.35,3.28,3.31,536359.0,1355405.0,171874093.0,0.0031206506497753563,bj430090,同辉信息
587,2023-09-20,3.29,3.33,3.27,3.31,570266.0,1427202.0,171874093.0,0.003317928781739084,bj430090,同辉信息
588,2023-09-21,3.27,3.29,3.24,3.26,470273.0,1167045.0,171874093.0,0.0027361482570849114,bj430090,同辉信息
589,2023-09-22,3.26,3.31,3.24,3.28,434325.0,1083398.0,171874093.0,0.0025269951533649694,bj430090,同辉信息
590,2023-09-25,3.28,3.31,3.27,3.27,354661.0,887749.0,171874093.0,0.002063493071058708,bj430090,同辉信息
591,2023-09-26,3.27,3.29,3.26,3.27,218699.0,544960.0,171874093.0,0.0012724372602216437,bj430090,同辉信息
592,2023-09-27,3.27,3.28,3.24,3.28,301194.0,747150.0,171874093.0,0.00175241070217604,bj430090,同辉信息
593,2023-09-28,3.28,3.31,3.26,3.29,580889.0,1452647.0,171874093.0,0.0033797356533541096,bj430090,同辉信息
594,2023-10-09,3.31,3.31,3.28,3.28,299396.0,750595.0,171874093.0,0.00174194955606253,bj430090,同辉信息
595,2023-10-10,3.27,3.29,3.24,3.24,420515.0,1047100.0,171874093.0,0.0024466456384441837,bj430090,同辉信息
596,2023-10-11,3.27,3.31,3.26,3.28,432891.0,1085205.0,182981834.00000003,0.002365759433802592,bj430090,同辉信息
597,2023-10-12,3.28,3.28,3.24,3.28,323164.0,804619.0,182981834.00000003,0.0017660988139401857,bj430090,同辉信息
598,2023-10-13,3.24,3.28,3.22,3.24,502819.0,1238745.0,182981834.00000003,0.0027479175883656295,bj430090,同辉信息
599,2023-10-16,3.24,3.26,3.19,3.23,687076.0,1683100.0,182981834.00000003,0.0037548864003625624,bj430090,同辉信息
600,2023-10-17,3.22,3.23,3.14,3.2,753896.0,1818716.0,182981834.00000003,0.004120059262276275,bj430090,同辉信息
601,2023-10-18,3.16,3.16,3.14,3.15,394515.0,946096.0,182981834.00000003,0.002156033696765767,bj430090,同辉信息
602,2023-10-19,3.1,3.12,3.08,3.08,934947.0,2204762.0,182981834.00000003,0.0051095072093331395,bj430090,同辉信息
603,2023-10-20,3.07,3.1,2.99,3.02,1046542.0,2417712.0,182988334.0,0.005719173332656278,bj430090,同辉信息
604,2023-10-23,3.02,3.03,2.93,2.95,993364.0,2251756.0,182988334.0,0.005428564642814881,bj430090,同辉信息
605,2023-10-24,2.94,3.01,2.81,2.99,950781.0,2095189.0,182988334.0,0.005195855818874224,bj430090,同辉信息
606,2023-10-25,2.99,3.1,2.99,3.06,723762.0,1678681.0,182988334.0,0.0039552357474329485,bj430090,同辉信息
607,2023-10-26,3.05,3.08,2.99,3.08,256575.0,593263.0,182988334.0,0.0014021385647458816,bj430090,同辉信息
608,2023-10-27,3.08,3.11,3.05,3.08,330929.0,777698.0,182988334.0,0.0018084704787792647,bj430090,同辉信息
609,2023-10-30,3.08,3.12,3.08,3.12,450381.0,1066704.0,182988334.0,0.00246125526231634,bj430090,同辉信息
610,2023-10-31,3.08,3.1,3.06,3.07,615994.0,1442588.0,182988334.0,0.003366302028849555,bj430090,同辉信息
611,2023-11-01,3.1,3.1,3.05,3.06,255851.0,596812.0,182988334.0,0.0013981820283690872,bj430090,同辉信息
612,2023-11-02,3.06,3.08,3.02,3.03,478376.0,1109844.0,182988334.0,0.0026142431571621392,bj430090,同辉信息
613,2023-11-03,3.05,3.07,3.03,3.07,135438.0,315934.0,182988334.0,0.000740145543923035,bj430090,同辉信息
614,2023-11-06,3.07,3.11,3.06,3.1,1152470.0,2698963.0,182988334.0,0.006298051765420193,bj430090,同辉信息
615,2023-11-07,3.07,3.1,3.07,3.1,623832.0,1465078.0,182988334.0,0.003409135360508829,bj430090,同辉信息
616,2023-11-08,3.06,3.32,3.06,3.27,3988037.0,9826031.0,182988334.0,0.02179394124654963,bj430090,同辉信息
617,2023-11-09,3.27,3.28,3.19,3.22,1822016.0,4488956.0,182988334.0,0.00995700633025054,bj430090,同辉信息
618,2023-11-10,3.18,3.22,3.14,3.16,1369867.0,3298220.0,182988334.0,0.007486089249820702,bj430090,同辉信息
619,2023-11-13,3.2,3.2,3.15,3.19,620006.0,1497720.0,182988334.0,0.0033882269237994157,bj430090,同辉信息
620,2023-11-14,3.16,3.31,3.15,3.27,2383488.0,5908217.0,182988334.0,0.01302535493874708,bj430090,同辉信息
621,2023-11-15,3.26,3.33,3.26,3.29,1666061.0,4158569.0,182988334.0,0.009104738884611082,bj430090,同辉信息
622,2023-11-16,3.31,3.31,3.26,3.28,1275818.0,3194534.0,182988334.0,0.006972127523714162,bj430090,同辉信息
623,2023-11-17,3.26,3.28,3.23,3.27,613668.0,1517295.0,182988334.0,0.0033535908360147154,bj430090,同辉信息
624,2023-11-20,3.28,3.6,3.24,3.45,4459468.0,11623123.0,182988334.0,0.02437023116457249,bj430090,同辉信息
625,2023-11-21,3.52,4.48,3.45,4.46,37040923.0,118775466.0,182988334.0,0.20242231944687797,bj430090,同辉信息
626,2023-11-22,4.2,5.5,4.07,5.09,41710293.0,149260654.0,182988334.0,0.22793962920062436,bj430090,同辉信息
627,2023-11-23,4.98,5.5,4.46,4.58,35797887.0,134729215.0,182988334.0,0.19562933995562798,bj430090,同辉信息
628,2023-11-24,4.75,5.17,4.44,4.98,29263281.0,109413215.0,182988334.0,0.15991883395145834,bj430090,同辉信息
629,2023-11-27,5.09,6.39,4.99,6.25,49172361.0,215813721.0,182988334.0,0.26871855667039407,bj430090,同辉信息
630,2023-11-28,5.78,6.67,5.5,5.93,41588244.0,197625035.0,182988334.0,0.22727265225552576,bj430090,同辉信息
631,2023-11-29,5.8,6.24,5.13,5.24,29846652.0,128745618.0,182988334.0,0.16310685685569443,bj430090,同辉信息
632,2023-11-30,5.25,5.42,5.0,5.25,14436551.0,56833564.0,182988334.0,0.07889328616981671,bj430090,同辉信息
633,2023-12-01,5.32,5.36,4.92,5.04,12494412.0,48645025.0,182988334.0,0.06827982815560253,bj430090,同辉信息
634,2023-12-04,4.9,5.12,4.76,4.98,9673483.0,36452903.0,182988334.0,0.05286393284503044,bj430090,同辉信息
635,2023-12-05,4.99,5.46,4.92,5.38,22609069.0,90900380.0,182988334.0,0.12355470158004718,bj430090,同辉信息
636,2023-12-06,5.4,5.47,5.12,5.17,15270823.0,61252949.0,182988334.0,0.08345244019763577,bj430090,同辉信息
637,2023-12-07,5.17,6.29,5.17,5.88,39045339.0,172161782.0,182988334.0,0.2133761106322767,bj430090,同辉信息
638,2023-12-08,5.78,6.08,5.63,5.79,24087950.0,106525255.0,182988334.0,0.13163653372569642,bj430090,同辉信息
639,2023-12-11,6.69,7.06,5.91,6.25,36194028.0,173431336.0,182988334.0,0.19779418287943973,bj430090,同辉信息
640,2023-12-12,6.08,6.89,5.92,6.55,35367489.0,176370775.0,182988334.0,0.19327728837620872,bj430090,同辉信息
641,2023-12-13,6.48,7.85,6.31,7.68,46937729.0,248347036.0,182988334.0,0.25650667435444274,bj430090,同辉信息
642,2023-12-14,7.94,8.34,7.22,7.35,39039434.0,231254584.0,182988334.0,0.21334384081555713,bj430090,同辉信息
643,2023-12-15,7.19,7.82,7.19,7.53,21482515.0,122320494.0,182988334.0,0.11739827632946262,bj430090,同辉信息
644,2023-12-18,7.52,7.97,7.48,7.69,15947957.0,93538216.0,182988334.0,0.08715286188681295,bj430090,同辉信息
645,2023-12-19,7.71,7.85,7.23,7.44,15392432.0,87662923.0,182988334.0,0.08411701261786449,bj430090,同辉信息
646,2023-12-20,7.35,8.05,7.25,7.76,26308702.0,155609063.0,182988334.0,0.1437725642116617,bj430090,同辉信息
647,2023-12-21,7.74,7.94,6.33,6.33,30501546.0,166009862.0,182988334.0,0.16668574074235792,bj430090,同辉信息
648,2023-12-22,6.29,6.6,6.06,6.33,16678752.0,80818854.0,182988334.0,0.09114653177835916,bj430090,同辉信息
649,2023-12-25,6.35,6.8,6.29,6.69,21284440.0,106017650.0,182988334.0,0.11631583027582512,bj430090,同辉信息
650,2023-12-26,6.83,7.08,6.59,6.98,24865485.0,130031848.0,182988334.0,0.13588562973637433,bj430090,同辉信息
651,2023-12-27,6.75,7.36,6.58,7.19,26438135.0,143545525.0,182988334.0,0.1444798934559402,bj430090,同辉信息
652,2023-12-28,7.34,7.98,6.96,7.31,31086419.0,173438246.0,182988334.0,0.16988197182012707,bj430090,同辉信息
653,2023-12-29,7.46,9.03,7.38,8.37,47954482.0,297891924.0,182988334.0,0.2620630558885792,bj430090,同辉信息
654,2024-01-02,8.03,9.03,8.02,8.68,44871384.0,292862457.0,182988334.0,0.24521445175843834,bj430090,同辉信息
655,2024-01-03,8.44,8.6,8.01,8.15,29892728.0,187753306.0,182988334.0,0.16335865432820434,bj430090,同辉信息
656,2024-01-04,8.2,8.39,7.69,7.98,24236382.0,146698847.0,182988334.0,0.13244768926089026,bj430090,同辉信息
657,2024-01-05,7.82,8.03,7.1,7.38,24377207.0,140453610.0,182988334.0,0.13321727383998153,bj430090,同辉信息
658,2024-01-08,7.36,7.55,6.94,6.94,15006501.0,83221178.0,182988334.0,0.08200796560069233,bj430090,同辉信息
659,2024-01-09,7.05,7.13,6.24,6.6,18616792.0,94674418.0,182988334.0,0.10173758945747875,bj430090,同辉信息
660,2024-01-10,6.55,6.83,6.3,6.62,11391395.0,56859447.0,182988334.0,0.06225202859106854,bj430090,同辉信息
661,2024-01-11,6.58,6.96,6.58,6.72,11392180.0,58707268.0,182988334.0,0.06225631848202957,bj430090,同辉信息
662,2024-01-12,6.69,6.72,5.76,5.79,19535101.0,91925980.0,182988334.0,0.10675599134095619,bj430090,同辉信息
663,2024-01-15,5.72,5.83,5.33,5.34,13715468.0,57825863.0,182988334.0,0.07495269069994374,bj430090,同辉信息
664,2024-01-16,5.38,6.04,5.13,5.97,22534891.0,96480651.0,182988334.0,0.12314933147596174,bj430090,同辉信息
665,2024-01-17,5.83,6.25,5.8,5.88,17903742.0,82185844.0,182988334.0,0.09784089296096876,bj430090,同辉信息
666,2024-01-18,5.71,6.38,5.71,6.3,21601005.0,101000417.0,182988334.0,0.11804580394726147,bj430090,同辉信息
667,2024-01-19,6.2,6.75,6.2,6.55,22511938.0,111624264.0,182988334.0,0.12302389725019301,bj430090,同辉信息
668,2024-01-22,6.56,6.96,6.24,6.46,21244555.0,107788651.0,182988334.0,0.1160978655612002,bj430090,同辉信息
669,2024-01-23,6.21,6.6,6.18,6.42,15849205.0,77210765.0,182988334.0,0.08661319906874501,bj430090,同辉信息
670,2024-01-24,6.37,6.46,6.01,6.22,15813199.0,74409477.0,182988334.0,0.08641643242677974,bj430090,同辉信息
671,2024-01-25,6.25,6.25,5.79,5.88,15800695.0,72239933.0,182988334.0,0.08634810020184128,bj430090,同辉信息
672,2024-01-26,5.82,6.16,5.71,5.91,13074533.0,59425607.0,182988334.0,0.07145009036477702,bj430090,同辉信息
673,2024-01-29,5.84,5.91,5.22,5.28,13066697.0,54384472.0,182988334.0,0.07140726796277624,bj430090,同辉信息
674,2024-01-30,5.29,5.64,5.0,5.61,15261859.0,62030559.0,182988334.0,0.08340345346824131,bj430090,同辉信息
675,2024-01-31,5.55,5.84,5.47,5.61,14161992.0,61374814.0,182988334.0,0.07739286811584394,bj430090,同辉信息
676,2024-02-01,5.51,5.61,5.07,5.09,11367021.0,46230842.0,182988334.0,0.062118828842935965,bj430090,同辉信息
677,2024-02-02,5.17,5.24,4.5,4.75,11967980.0,44375573.0,182988334.0,0.06540296716401604,bj430090,同辉信息
678,2024-02-05,4.79,4.79,4.13,4.46,10164758.0,35023613.0,182988334.0,0.055548666834684665,bj430090,同辉信息
679,2024-02-06,4.36,5.03,4.31,4.98,14224462.0,51497510.0,182988334.0,0.07773425599907369,bj430090,同辉信息
680,2024-02-07,5.12,5.33,4.79,4.8,13618903.0,52524670.0,182988334.0,0.07442497946344492,bj430090,同辉信息
681,2024-02-08,4.52,5.22,4.42,5.22,16226606.0,59447777.0,182988334.0,0.08867563109241706,bj430090,同辉信息
682,2024-02-19,5.59,5.84,5.22,5.78,20266766.0,85327566.0,182988334.0,0.11075441563394965,bj430090,同辉信息
683,2024-02-20,5.53,5.95,5.46,5.68,17007542.0,74004547.0,182988334.0,0.09294331298737328,bj430090,同辉信息
684,2024-02-21,5.5,5.79,5.46,5.54,14624835.0,62473320.0,182988334.0,0.07992222608027023,bj430090,同辉信息
685,2024-02-22,5.47,5.85,5.42,5.55,11398619.0,49203743.0,182988334.0,0.06229150651756849,bj430090,同辉信息
686,2024-02-23,5.61,5.74,5.42,5.43,11830805.0,50039695.0,182988334.0,0.06465332921168625,bj430090,同辉信息
687,2024-02-26,5.46,5.46,5.19,5.22,10653592.0,42851422.0,182988334.0,0.058220061176140335,bj430090,同辉信息
688,2024-02-27,5.19,5.45,5.12,5.43,11065817.0,45056866.0,182988334.0,0.06047280041360451,bj430090,同辉信息
689,2024-02-28,5.45,5.82,5.33,5.33,18138208.0,76923564.0,182988334.0,0.09912220961583267,bj430090,同辉信息
690,2024-02-29,5.19,5.46,5.12,5.41,13449399.0,54142030.0,182988334.0,0.07349866904630106,bj430090,同辉信息
691,2024-03-01,5.38,5.47,5.22,5.28,9334379.0,37904227.0,182988334.0,0.05101078738713474,bj430090,同辉信息
692,2024-03-04,5.28,5.29,4.94,5.05,9844099.0,38142501.0,182988334.0,0.05379632015229998,bj430090,同辉信息
693,2024-03-05,5.0,5.11,4.73,4.8,8793335.0,32802959.0,182988334.0,0.048054074310551406,bj430090,同辉信息
694,2024-03-06,4.84,5.01,4.79,4.86,6153347.0,22973481.0,182988334.0,0.03362699066925217,bj430090,同辉信息
695,2024-03-07,4.87,4.9,4.57,4.59,7723848.0,27676349.0,182988334.0,0.042209510470760395,bj430090,同辉信息
696,2024-03-08,4.55,4.67,4.53,4.58,3476680.0,12134597.0,182988334.0,0.018999462555902607,bj430090,同辉信息
697,2024-03-11,4.57,4.73,4.48,4.69,5003364.0,17588962.0,182988334.0,0.027342529934176022,bj430090,同辉信息
698,2024-03-12,4.73,4.84,4.66,4.73,5323273.0,19280430.0,182988334.0,0.029090777994623417,bj430090,同辉信息
699,2024-03-13,4.71,4.74,4.5,4.58,5716191.0,20118369.0,182988334.0,0.031238007773763326,bj430090,同辉信息
700,2024-03-14,4.75,5.5,4.74,5.12,24473237.0,94415236.0,182988334.0,0.13374206139283173,bj430090,同辉信息
701,2024-03-15,5.07,5.4,4.83,5.22,19498129.0,76429733.0,182988334.0,0.1065539456739357,bj430090,同辉信息
702,2024-03-18,5.08,5.2,5.05,5.11,11954304.0,46474259.0,182988334.0,0.06532823015919692,bj430090,同辉信息
703,2024-03-19,5.11,5.36,5.04,5.17,11818328.0,46870135.0,182988334.0,0.06458514453713754,bj430090,同辉信息
704,2024-03-20,5.07,5.19,5.07,5.09,5925894.0,23088222.0,182988334.0,0.03238399886191652,bj430090,同辉信息
705,2024-03-21,5.12,5.45,5.0,5.2,13532111.0,53743606.0,182988334.0,0.07395067600320357,bj430090,同辉信息
706,2024-03-22,5.16,5.41,5.11,5.19,9676423.0,38572086.0,182988334.0,0.0528799994430246,bj430090,同辉信息
707,2024-03-25,5.16,5.2,4.78,4.78,9100552.0,34385617.0,182988334.0,0.0497329627581614,bj430090,同辉信息
708,2024-03-26,4.76,4.94,4.65,4.71,5396159.0,19605183.0,182988334.0,0.029489087539318216,bj430090,同辉信息
709,2024-03-27,4.71,4.98,4.66,4.73,5841646.0,21571096.0,182988334.0,0.03192359792728645,bj430090,同辉信息
710,2024-03-28,4.7,4.87,4.67,4.74,4823129.0,17533094.0,182988334.0,0.02635757643435346,bj430090,同辉信息
711,2024-03-29,4.73,4.83,4.69,4.73,3254155.0,11740569.0,182988334.0,0.017783401427109557,bj430090,同辉信息
712,2024-04-01,4.65,4.78,4.53,4.61,7426498.0,26033961.0,171880593.0,0.04320730962337325,bj430090,同辉信息
713,2024-04-02,4.58,4.65,4.36,4.41,8545777.0,29016436.0,171880593.0,0.04971926644446706,bj430090,同辉信息
714,2024-04-03,4.37,4.41,4.15,4.23,7533298.0,24309361.0,171880593.0,0.0438286712217708,bj430090,同辉信息
715,2024-04-08,4.21,4.32,4.11,4.13,3413095.0,10935201.0,171880593.0,0.019857361092534744,bj430090,同辉信息
716,2024-04-09,4.17,4.24,4.15,4.23,2200322.0,7045580.0,171880593.0,0.012801456881173316,bj430090,同辉信息
717,2024-04-10,4.23,4.54,4.16,4.38,8385400.0,28144556.0,171880593.0,0.048786194262199226,bj430090,同辉信息
718,2024-04-11,4.38,4.38,4.21,4.28,4309637.0,14065809.0,171880593.0,0.025073435719412486,bj430090,同辉信息
719,2024-04-12,4.23,4.27,4.13,4.19,3074101.0,9790908.0,171880593.0,0.01788509654490196,bj430090,同辉信息
720,2024-04-15,4.2,4.21,3.89,3.91,4640476.0,14090248.0,171880593.0,0.026998254538253774,bj430090,同辉信息
721,2024-04-16,3.87,3.9,3.35,3.37,6975211.0,18687840.0,171880593.0,0.04058172524457139,bj430090,同辉信息
722,2024-04-17,3.44,3.79,3.41,3.71,6658664.0,18584528.0,171880593.0,0.03874005717445948,bj430090,同辉信息
723,2024-04-18,3.74,3.87,3.68,3.69,4725066.0,13578969.0,171880593.0,0.027490398523351615,bj430090,同辉信息
724,2024-04-19,3.65,3.65,3.49,3.52,3231188.0,8756133.0,171880593.0,0.018799027531863355,bj430090,同辉信息
725,2024-04-22,3.58,3.65,3.5,3.53,2303962.0,6275848.0,171880593.0,0.013404433623288697,bj430090,同辉信息
726,2024-04-23,3.58,4.2,3.52,4.0,10249536.0,30431583.0,171880593.0,0.059631723518663915,bj430090,同辉信息
727,2024-04-24,3.91,3.99,3.79,3.91,7138768.0,21067225.0,171880593.0,0.041533298642971284,bj430090,同辉信息
728,2024-04-25,3.87,3.9,3.79,3.86,3798605.0,11129967.0,171880593.0,0.022100255379035143,bj430090,同辉信息
729,2024-04-26,3.85,3.92,3.74,3.92,3825149.0,11212172.0,171880593.0,0.022254688171805412,bj430090,同辉信息
730,2024-04-29,3.94,4.13,3.89,3.95,3680836.0,11219725.0,171880593.0,0.021415076220966958,bj430090,同辉信息
731,2024-04-30,4.0,4.04,3.89,3.9,3383240.0,10174214.0,171880593.0,0.019683664926615652,bj430090,同辉信息
732,2024-05-06,3.92,3.98,3.9,3.94,2784615.0,8341527.0,171880593.0,0.016200869169679905,bj430090,同辉信息
733,2024-05-07,3.98,4.11,3.94,4.0,4669850.0,14368850.0,171880593.0,0.02716915224978308,bj430090,同辉信息
734,2024-05-08,4.04,4.15,3.99,4.04,3401350.0,10484351.0,171880593.0,0.0197890287706885,bj430090,同辉信息
735,2024-05-09,4.1,4.1,3.98,4.02,2283580.0,6995706.0,171880593.0,0.013285851300268669,bj430090,同辉信息
736,2024-05-10,4.04,4.04,3.87,3.89,3596191.0,10746552.0,171880593.0,0.02092261224628193,bj430090,同辉信息
737,2024-05-13,3.85,3.91,3.69,3.7,2976578.0,8511090.0,171880593.0,0.017317708462874573,bj430090,同辉信息
738,2024-05-14,3.74,3.87,3.74,3.81,3600951.0,10459720.0,171880593.0,0.02095030589055508,bj430090,同辉信息
739,2024-05-15,3.78,3.81,3.71,3.73,2385712.0,6813746.0,171880593.0,0.013880054509702559,bj430090,同辉信息
740,2024-05-16,3.71,3.78,3.69,3.69,1318520.0,3737632.0,171880593.0,0.0076711394636624275,bj430090,同辉信息
741,2024-05-17,3.69,3.71,3.65,3.69,1492459.0,4182747.0,171880593.0,0.008683115260138765,bj430090,同辉信息
742,2024-05-20,3.68,3.69,3.56,3.58,3199627.0,8803158.0,171880593.0,0.018615405870748888,bj430090,同辉信息
743,2024-05-21,3.58,3.61,3.52,3.57,1336839.0,3626267.0,171880593.0,0.007777719268166593,bj430090,同辉信息
744,2024-05-22,3.57,3.6,3.53,3.56,1807507.0,4899606.0,171880593.0,0.010516062159501625,bj430090,同辉信息
745,2024-05-23,3.56,3.91,3.47,3.77,8471243.0,24100304.0,171880593.0,0.04928562819189249,bj430090,同辉信息
746,2024-05-24,3.73,3.99,3.73,3.78,7457740.0,21960655.0,171880593.0,0.04338907534488201,bj430090,同辉信息
747,2024-05-27,3.79,3.98,3.71,3.89,4752303.0,14047392.0,171880593.0,0.027648863184920474,bj430090,同辉信息
748,2024-05-28,3.86,3.95,3.73,3.74,3700670.0,10818490.0,171880593.0,0.02153047028410008,bj430090,同辉信息
749,2024-05-29,3.73,3.75,3.68,3.69,1775266.0,5015936.0,171880593.0,0.010328484263490992,bj430090,同辉信息
750,2024-05-30,3.69,3.7,3.54,3.57,2551554.0,7008943.0,171880593.0,0.014844922020952068,bj430090,同辉信息
751,2024-05-31,3.54,3.62,3.54,3.58,1456619.0,3997951.0,171880593.0,0.008474598409140933,bj430090,同辉信息
752,2024-06-03,3.54,3.58,3.49,3.5,3088844.0,8276669.0,171880593.0,0.017970871208246298,bj430090,同辉信息
753,2024-06-04,3.5,3.57,3.48,3.53,1291008.0,3459340.0,171880593.0,0.007511074854157618,bj430090,同辉信息
754,2024-06-05,3.54,3.54,3.44,3.47,1722085.0,4560966.0,171880593.0,0.010019077604648478,bj430090,同辉信息
755,2024-06-06,3.43,3.44,2.9,3.05,11452945.0,26987169.0,171880593.0,0.06663314804830817,bj430090,同辉信息
756,2024-06-07,3.01,3.29,2.94,3.15,4703459.0,11233146.0,171880593.0,0.027364689159525998,bj430090,同辉信息
757,2024-06-11,3.1,3.2,3.08,3.15,3158423.0,7579655.0,171880593.0,0.018375681308011312,bj430090,同辉信息
758,2024-06-12,3.12,3.22,3.12,3.15,1483411.0,3578025.0,171880593.0,0.008630474064049803,bj430090,同辉信息
759,2024-06-13,3.16,3.19,3.06,3.06,1760314.0,4146183.0,171880593.0,0.010241493639715334,bj430090,同辉信息
760,2024-06-14,3.05,3.11,3.02,3.07,1466007.0,3438579.0,171880593.0,0.008529217722677975,bj430090,同辉信息
761,2024-06-17,3.08,3.08,2.97,2.98,1576497.0,3602645.0,171880593.0,0.009172047713379719,bj430090,同辉信息
762,2024-06-18,3.01,3.05,2.98,3.02,1139258.0,2612255.0,171880593.0,0.006628194493138617,bj430090,同辉信息
763,2024-06-19,3.06,3.92,3.06,3.73,19170100.0,52515161.0,171880593.0,0.11153149791611436,bj430090,同辉信息
764,2024-06-20,3.5,3.79,3.44,3.65,13847195.0,38037820.0,171880593.0,0.08056287657792756,bj430090,同辉信息
765,2024-06-21,3.58,3.85,3.48,3.77,10349787.0,29359776.0,171880593.0,0.06021498308421591,bj430090,同辉信息
766,2024-06-24,3.71,3.83,3.52,3.58,5795512.0,16039941.0,171880593.0,0.03371824531696839,bj430090,同辉信息
767,2024-06-25,3.61,3.68,3.52,3.58,4100132.0,11220975.0,171880593.0,0.023854537201881774,bj430090,同辉信息
768,2024-06-26,3.6,3.64,3.49,3.64,3772125.0,10280656.0,171880593.0,0.021946194937784512,bj430090,同辉信息
769,2024-06-27,3.6,3.61,3.43,3.44,3918207.0,10476655.0,171880593.0,0.022796098917345485,bj430090,同辉信息
770,2024-06-28,3.4,3.53,3.39,3.41,3200091.0,8428839.0,171880593.0,0.01861810541926627,bj430090,同辉信息
771,2024-07-01,3.4,3.52,3.39,3.41,2895573.0,7553685.0,171498053.0,0.016883999260329796,bj430090,同辉信息
772,2024-07-02,3.43,3.53,3.33,3.47,3698242.0,9717186.0,171498053.0,0.021564338109424486,bj430090,同辉信息
773,2024-07-03,3.44,3.48,3.35,3.39,2867058.0,7384895.0,171498053.0,0.016717729151129197,bj430090,同辉信息
774,2024-07-04,3.39,3.43,3.22,3.23,3154701.0,7973177.0,171498053.0,0.018394966851314632,bj430090,同辉信息
775,2024-07-05,3.27,3.48,3.14,3.43,6261555.0,15951750.0,171498053.0,0.03651093928162555,bj430090,同辉信息
776,2024-07-08,3.39,3.41,3.26,3.28,3552949.0,8984704.0,171498053.0,0.020717138986994798,bj430090,同辉信息
777,2024-07-09,3.31,3.39,3.23,3.39,2863432.0,7255307.0,171498053.0,0.016696586053953626,bj430090,同辉信息
778,2024-07-10,3.36,3.71,3.35,3.7,10293236.0,27694065.0,171498053.0,0.06001955019279432,bj430090,同辉信息
779,2024-07-11,3.68,3.77,3.57,3.66,8958543.0,25069728.0,171498053.0,0.052236995366938654,bj430090,同辉信息
780,2024-07-12,3.64,3.92,3.62,3.81,13600073.0,37871114.0,171498053.0,0.07930161749416478,bj430090,同辉信息
781,2024-07-15,3.79,3.79,3.56,3.65,7366635.0,20541366.0,171498053.0,0.04295462759568472,bj430090,同辉信息
782,2024-07-16,3.62,3.92,3.61,3.9,11924151.0,33439109.0,171498053.0,0.0695293666103603,bj430090,同辉信息
783,2024-07-17,3.89,4.46,3.86,4.32,19884235.0,63918761.0,171498053.0,0.11594437751430332,bj430090,同辉信息
784,2024-07-18,4.23,4.24,3.98,4.07,12253040.0,38369720.0,171498053.0,0.07144710849866033,bj430090,同辉信息
785,2024-07-19,4.02,4.28,3.95,3.95,8693839.0,27394863.0,171498053.0,0.05069351428730214,bj430090,同辉信息
786,2024-07-22,3.81,4.04,3.81,3.92,5973411.0,17861799.0,171498053.0,0.03483078026547625,bj430090,同辉信息
787,2024-07-23,3.94,4.04,3.78,3.81,5745529.0,17098916.0,171498053.0,0.033502007162728546,bj430090,同辉信息
788,2024-07-24,3.81,3.82,3.65,3.73,4504956.0,12740649.0,171498053.0,0.02626826323211961,bj430090,同辉信息
789,2024-07-25,3.68,3.98,3.66,3.87,5274377.0,15524519.0,171498053.0,0.030754733991061694,bj430090,同辉信息
790,2024-07-26,3.87,4.06,3.85,3.89,4421410.0,13187083.0,171498053.0,0.02578110901352332,bj430090,同辉信息
791,2024-07-29,3.89,3.92,3.77,3.81,3850785.0,11212693.0,171498053.0,0.022453811764265336,bj430090,同辉信息
792,2024-07-30,3.86,4.25,3.85,4.07,13070412.0,40756168.0,171498053.0,0.07621318009948486,bj430090,同辉信息
793,2024-07-31,4.2,4.41,4.02,4.17,11581812.0,36773609.0,171498053.0,0.06753319817572506,bj430090,同辉信息
794,2024-08-01,4.1,4.17,4.0,4.03,7237316.0,22400169.0,171498053.0,0.042200572387839294,bj430090,同辉信息
795,2024-08-02,3.95,4.04,3.85,3.87,5465493.0,16359876.0,171498053.0,0.0318691256512399,bj430090,同辉信息
796,2024-08-05,3.82,3.94,3.71,3.77,4929622.0,14345701.0,171498053.0,0.028744477932936066,bj430090,同辉信息
797,2024-08-06,3.9,4.0,3.78,3.94,7465863.0,22231287.0,171498053.0,0.04353322308562885,bj430090,同辉信息
798,2024-08-07,3.98,4.04,3.83,3.95,6789847.0,20405982.0,171498053.0,0.039591394078392246,bj430090,同辉信息
799,2024-08-08,3.85,3.89,3.77,3.85,4625399.0,13478561.0,171498053.0,0.02697056275035379,bj430090,同辉信息
800,2024-08-09,3.83,3.9,3.78,3.79,3128235.0,9135967.0,171498053.0,0.01824064439961893,bj430090,同辉信息
801,2024-08-12,3.79,3.79,3.7,3.77,3027944.0,8622448.0,171498053.0,0.01765585058857782,bj430090,同辉信息
802,2024-08-13,3.73,3.89,3.69,3.78,3440410.0,9981222.0,171498053.0,0.020060927455543765,bj430090,同辉信息
803,2024-08-14,3.77,4.13,3.71,4.03,11742753.0,35257841.0,171498053.0,0.06847164031652302,bj430090,同辉信息
804,2024-08-15,3.9,4.15,3.87,4.03,9918887.0,30310479.0,171498053.0,0.05783673240885131,bj430090,同辉信息
805,2024-08-16,4.0,4.24,3.95,4.19,13090818.0,41047316.0,171498053.0,0.07633216687305482,bj430090,同辉信息
806,2024-08-19,4.07,4.15,3.92,3.94,7177516.0,22070165.0,171498053.0,0.04185188038257204,bj430090,同辉信息
807,2024-08-20,3.94,4.13,3.91,4.04,4909583.0,15056881.0,171498053.0,0.028627631125351608,bj430090,同辉信息
808,2024-08-21,4.06,4.1,3.95,3.96,4192245.0,12808497.0,171498053.0,0.024444854776281336,bj430090,同辉信息
809,2024-08-22,3.96,4.0,3.75,3.82,5068330.0,14881619.0,171498053.0,0.02955328011799644,bj430090,同辉信息
810,2024-08-23,3.81,3.86,3.71,3.75,3064450.0,8804647.0,171498053.0,0.0178687159789505,bj430090,同辉信息
811,2024-08-26,3.73,3.85,3.73,3.79,2033636.0,5875051.0,171498053.0,0.011858070482001331,bj430090,同辉信息
812,2024-08-27,3.85,3.87,3.73,3.77,2095154.0,5995740.0,171498053.0,0.012216780093707537,bj430090,同辉信息
813,2024-08-28,3.74,3.82,3.69,3.79,2047358.0,5863509.0,171498053.0,0.011938083052173193,bj430090,同辉信息
814,2024-08-29,3.78,3.79,3.69,3.74,1698302.0,4837710.0,171498053.0,0.009902747992130267,bj430090,同辉信息
815,2024-08-30,3.74,3.9,3.74,3.82,3294657.0,9605484.0,171498053.0,0.019211046086919717,bj430090,同辉信息
816,2024-09-02,3.79,3.83,3.7,3.71,3356007.0,9578412.0,171498053.0,0.019568776095667977,bj430090,同辉信息
817,2024-09-03,3.7,3.78,3.68,3.71,2699716.0,7640372.0,171498053.0,0.01574196297143968,bj430090,同辉信息
818,2024-09-04,3.69,3.69,3.57,3.57,2982460.0,8208903.0,171498053.0,0.017390634749655146,bj430090,同辉信息
819,2024-09-05,3.54,3.64,3.54,3.58,1528944.0,4190107.0,171498053.0,0.008915226576945453,bj430090,同辉信息
820,2024-09-06,3.57,3.61,3.53,3.53,1575201.0,4286304.0,171498053.0,0.009184949755668654,bj430090,同辉信息
821,2024-09-09,3.52,3.57,3.49,3.5,1021271.0,2739243.0,171498053.0,0.005955000550356102,bj430090,同辉信息
822,2024-09-10,3.56,3.56,3.41,3.5,1804521.0,4773340.0,171498053.0,0.010522107793258738,bj430090,同辉信息
823,2024-09-11,3.48,3.5,3.41,3.44,1388257.0,3653406.0,171498053.0,0.008094884902279328,bj430090,同辉信息
824,2024-09-12,3.47,3.5,3.37,3.39,1637405.0,4292743.0,171498053.0,0.009547659412786453,bj430090,同辉信息
825,2024-09-13,3.41,3.69,3.35,3.6,5287365.0,14210533.0,171498053.0,0.03083046662926255,bj430090,同辉信息
826,2024-09-18,3.54,3.64,3.44,3.52,2424241.0,6499843.0,171498053.0,0.014135676514065148,bj430090,同辉信息
827,2024-09-19,3.54,3.66,3.49,3.62,2545047.0,6977104.0,171498053.0,0.01484009267440488,bj430090,同辉信息
828,2024-09-20,3.56,3.66,3.56,3.64,2266445.0,6239074.0,171498053.0,0.013215572773878663,bj430090,同辉信息
829,2024-09-23,3.65,3.73,3.61,3.66,2301844.0,6471268.0,171498053.0,0.01342198328047491,bj430090,同辉信息
830,2024-09-24,3.64,3.77,3.64,3.74,3245573.0,9201974.0,171498053.0,0.018924838756041156,bj430090,同辉信息
831,2024-09-25,3.79,3.89,3.75,3.75,3412264.0,9902979.0,171498053.0,0.019896808974268647,bj430090,同辉信息
832,2024-09-26,3.73,3.82,3.68,3.81,4417335.0,12619680.0,171498053.0,0.025757347810823252,bj430090,同辉信息
833,2024-09-27,3.94,4.95,3.94,4.95,27192831.0,96901015.0,171498053.0,0.15856058144286922,bj430090,同辉信息
834,2024-09-30,6.3,6.43,5.91,6.43,36799880.0,177927611.0,171498053.0,0.21457899583268156,bj430090,同辉信息
835,2024-10-08,8.36,8.36,7.85,8.36,18001415.0,113987635.0,171498053.0,0.104965710601974,bj430090,同辉信息
836,2024-10-09,8.31,10.87,7.88,9.04,66890517.0,504616116.0,171498053.0,0.39003659709186317,bj430090,同辉信息
837,2024-10-10,8.4,9.02,6.56,7.77,39209752.0,239223449.0,171498053.0,0.22863088713899277,bj430090,同辉信息
838,2024-10-11,7.09,8.37,6.96,7.89,32168467.0,192248180.0,171498053.0,0.18757336562882146,bj430090,同辉信息
839,2024-10-14,7.89,9.75,7.23,9.29,43726588.0,276226081.0,171498053.0,0.2549684222945668,bj430090,同辉信息
840,2024-10-15,8.66,9.65,8.35,8.35,40683954.0,279362141.0,171498053.0,0.237226914756869,bj430090,同辉信息
841,2024-10-16,7.67,8.66,7.67,8.19,25784996.0,159432148.0,171498053.0,0.15035153781016977,bj430090,同辉信息
842,2024-10-17,8.48,10.33,8.27,8.74,49610293.0,345980717.0,171498053.0,0.28927612956632226,bj430090,同辉信息
843,2024-10-18,9.04,10.48,8.31,9.71,47674239.0,340760131.0,171498053.0,0.2779870567976652,bj430090,同辉信息
844,2024-10-21,10.34,12.63,9.78,12.63,53661671.0,464173815.0,171498053.0,0.31289959309333965,bj430090,同辉信息
845,2024-10-22,13.49,14.26,11.0,11.64,52726416.0,500475150.0,171498053.0,0.30744614925744956,bj430090,同辉信息
846,2024-10-23,11.35,12.29,10.96,11.66,34202134.0,302880356.0,171498053.0,0.19943161687089242,bj430090,同辉信息
847,2024-10-24,11.49,12.02,11.03,11.55,27841459.0,244038051.0,171498053.0,0.1623427118440814,bj430090,同辉信息
848,2024-10-25,11.34,12.27,11.09,11.09,35326597.0,315302499.0,171498053.0,0.20598832687622406,bj430090,同辉信息
849,2024-10-28,11.04,11.66,11.04,11.34,22238966.0,191949488.0,171498053.0,0.1296747433045202,bj430090,同辉信息
850,2024-10-29,11.93,14.68,11.92,13.01,41239381.0,416352186.0,171498053.0,0.2404655929242532,bj430090,同辉信息
851,2024-10-30,12.12,12.76,11.18,11.96,32651609.0,299097709.0,171498053.0,0.19039055213064138,bj430090,同辉信息
852,2024-10-31,11.68,12.06,11.16,11.51,22825748.0,199574607.0,171498053.0,0.1330962515358702,bj430090,同辉信息
853,2024-11-01,11.26,11.45,9.73,9.73,22222938.0,176226376.0,171498053.0,0.1295812845175566,bj430090,同辉信息
854,2024-11-04,9.86,10.21,9.73,10.13,11791250.0,89735191.0,171498053.0,0.06875442486801876,bj430090,同辉信息
855,2024-11-05,10.41,11.79,10.15,11.38,23646375.0,198488760.0,171498053.0,0.13788130294400486,bj430090,同辉信息
856,2024-11-06,11.58,12.51,11.42,11.68,25695024.0,232548283.0,171498053.0,0.1498269137784322,bj430090,同辉信息
857,2024-11-07,11.03,12.68,11.01,12.6,30257247.0,276163386.0,171498053.0,0.17642909916884011,bj430090,同辉信息
858,2024-11-08,13.47,13.86,11.81,11.95,28353933.0,274885175.0,171498053.0,0.16533093235758192,bj430090,同辉信息
859,2024-11-11,11.59,12.58,11.39,12.19,20213145.0,184584698.0,171498053.0,0.1178622418529731,bj430090,同辉信息
860,2024-11-12,12.19,12.6,11.39,11.63,15117512.0,136256644.0,171498053.0,0.08814975876140121,bj430090,同辉信息
861,2024-11-13,11.62,11.63,10.63,11.63,13104607.0,112132990.0,171498053.0,0.07641257011821587,bj430090,同辉信息
862,2024-11-14,11.72,12.18,11.3,11.33,12778834.0,114117239.0,171498053.0,0.07451299753239764,bj430090,同辉信息
863,2024-11-15,11.17,11.8,11.09,11.26,11860146.0,103583232.0,171498053.0,0.06915615537629456,bj430090,同辉信息
864,2024-11-18,11.32,11.53,10.61,10.75,12121001.0,102083639.0,171498053.0,0.07067719305244824,bj430090,同辉信息
865,2024-11-19,10.63,11.95,9.65,11.83,29846580.0,250447647.0,171498053.0,0.17403451221688213,bj430090,同辉信息
866,2024-11-20,12.42,12.96,11.84,11.95,28431628.0,264559646.0,171498053.0,0.1657839695707799,bj430090,同辉信息
867,2024-11-21,11.45,12.47,11.33,12.4,27768778.0,253896605.0,171498053.0,0.161918911114402,bj430090,同辉信息
868,2024-11-22,12.21,12.94,11.55,11.55,25969298.0,241665723.0,171498053.0,0.15142619724085146,bj430090,同辉信息
869,2024-11-25,11.29,12.1,11.0,11.79,16632973.0,146643252.0,171498053.0,0.09698636637000188,bj430090,同辉信息
870,2024-11-26,11.62,12.18,11.03,11.03,14540191.0,129128917.0,171498053.0,0.08478341733710527,bj430090,同辉信息
871,2024-11-27,10.87,11.66,10.24,11.66,18718825.0,158490228.0,171498053.0,0.10914890678088339,bj430090,同辉信息
872,2024-11-28,11.49,12.21,11.37,11.38,15726775.0,140845356.0,171498053.0,0.09170235302904575,bj430090,同辉信息
873,2024-11-29,11.16,12.08,11.03,11.77,16502638.0,145707109.0,171498053.0,0.0962263868966489,bj430090,同辉信息
874,2024-12-02,11.68,12.21,11.55,12.17,17956610.0,162250059.0,171498053.0,0.10470445399167301,bj430090,同辉信息
875,2024-12-03,12.05,12.4,11.98,12.25,17462030.0,162473257.0,171498053.0,0.10182057285513323,bj430090,同辉信息
876,2024-12-04,12.18,12.18,11.35,11.5,15986039.0,142997746.0,171498053.0,0.09321411363194892,bj430090,同辉信息
877,2024-12-05,11.67,11.8,11.2,11.46,9860025.0,86351610.0,171498053.0,0.057493509853432566,bj430090,同辉信息
878,2024-12-06,11.46,11.66,11.22,11.32,9633331.0,83890102.0,171498053.0,0.0561716639430303,bj430090,同辉信息
879,2024-12-09,11.28,11.32,10.28,10.3,13916808.0,113771393.0,171498053.0,0.08114848977323376,bj430090,同辉信息
880,2024-12-10,10.93,11.17,10.3,10.32,11954080.0,98263836.0,171498053.0,0.06970388171112357,bj430090,同辉信息
881,2024-12-11,10.17,10.54,9.94,10.2,9065884.0,70304569.0,171498053.0,0.05286289751639338,bj430090,同辉信息
882,2024-12-12,10.2,10.32,9.74,10.03,7286357.0,55777079.0,171498053.0,0.04248652898700838,bj430090,同辉信息
883,2024-12-13,10.02,10.99,9.86,10.28,12757454.0,101231713.0,171498053.0,0.07438833139405962,bj430090,同辉信息
884,2024-12-16,10.36,10.51,9.88,9.92,7122586.0,54781060.0,171498053.0,0.04153158520114511,bj430090,同辉信息
885,2024-12-17,10.0,10.0,9.16,9.19,7673852.0,55444327.0,171498053.0,0.044746000702410305,bj430090,同辉信息
886,2024-12-18,9.24,9.52,9.08,9.14,5435479.0,38563400.0,171498053.0,0.03169411491802767,bj430090,同辉信息
887,2024-12-19,9.16,9.45,8.4,9.42,12483545.0,84976984.0,171498053.0,0.0727911762356859,bj430090,同辉信息
888,2024-12-20,9.33,9.69,9.19,9.19,8002585.0,57388658.0,171498053.0,0.046662832959392254,bj430090,同辉信息
889,2024-12-23,9.06,9.25,8.45,8.51,7279602.0,48841310.0,171498053.0,0.042447140784741155,bj430090,同辉信息
890,2024-12-24,8.58,8.68,8.13,8.26,8062996.0,51065047.0,171498053.0,0.04701508768732202,bj430090,同辉信息
891,2024-12-25,8.19,8.26,7.6,7.63,9116564.0,54315010.0,171498053.0,0.053158411075372385,bj430090,同辉信息
892,2024-12-26,7.65,7.98,7.63,7.71,7780258.0,46218896.0,171498053.0,0.04536645089492649,bj430090,同辉信息
893,2024-12-27,7.95,7.98,7.67,7.74,5109824.0,30428754.0,171498053.0,0.029795230386668006,bj430090,同辉信息
894,2024-12-30,7.73,7.73,7.21,7.42,7049591.0,39839458.0,171498053.0,0.04110595354688954,bj430090,同辉信息
895,2024-12-31,7.42,7.67,7.25,7.25,6011875.0,34243134.0,171498053.0,0.03505506269508494,bj430090,同辉信息
896,2025-01-02,7.27,7.29,6.75,6.96,7108896.0,38164950.0,171498053.0,0.04145175922201286,bj430090,同辉信息
897,2025-01-03,6.94,7.27,6.76,7.0,9010964.0,48340108.0,171498053.0,0.052542660644666325,bj430090,同辉信息
898,2025-01-06,7.0,7.09,6.75,6.88,5362799.0,28037710.0,171498053.0,0.03127032001931824,bj430090,同辉信息
899,2025-01-07,6.94,7.21,6.81,7.19,5897058.0,31453342.0,171498053.0,0.03438556821400182,bj430090,同辉信息
900,2025-01-08,7.19,7.29,6.9,7.22,6807935.0,36951954.0,171498053.0,0.03969686466353061,bj430090,同辉信息
901,2025-01-09,7.25,7.61,7.14,7.48,9279112.0,52626347.0,171498053.0,0.05410622358494064,bj430090,同辉信息
902,2025-01-10,7.42,7.53,6.87,6.96,7354149.0,40828364.0,171498053.0,0.04288182210441771,bj430090,同辉信息
903,2025-01-13,6.98,6.98,6.58,6.85,4125895.0,21367289.0,171498053.0,0.024057969917594343,bj430090,同辉信息
904,2025-01-14,6.85,7.98,6.85,7.9,15339927.0,87044617.0,171498053.0,0.0894466539512259,bj430090,同辉信息
905,2025-01-15,7.9,8.3,7.72,7.95,15790916.0,96312485.0,171498053.0,0.09207635727502982,bj430090,同辉信息
906,2025-01-16,7.98,8.34,7.82,7.98,10003620.0,61527401.0,171498053.0,0.05833080798882306,bj430090,同辉信息
907,2025-01-17,8.05,8.05,7.71,7.74,6502772.0,38731451.0,171498053.0,0.03791746836915985,bj430090,同辉信息
908,2025-01-20,8.26,9.11,8.13,8.14,18351513.0,119409485.0,171498053.0,0.10700712153274416,bj430090,同辉信息
909,2025-01-21,8.01,8.35,7.89,8.16,12002168.0,74345575.0,171498053.0,0.06998428139589433,bj430090,同辉信息
910,2025-01-22,8.01,8.09,7.52,7.57,9174526.0,54270471.0,171498053.0,0.05349638575780216,bj430090,同辉信息
911,2025-01-23,7.68,8.11,7.61,7.63,8441210.0,50492606.0,171498053.0,0.04922044217026767,bj430090,同辉信息
912,2025-01-24,7.56,7.81,7.48,7.65,6583546.0,38386738.0,171498053.0,0.03838845913895011,bj430090,同辉信息
913,2025-01-27,7.72,7.86,7.55,7.56,5000603.0,29343954.0,171498053.0,0.02915836601363632,bj430090,同辉信息
914,2025-02-05,7.85,8.16,7.74,8.07,12173698.0,74255957.0,171498053.0,0.07098446767789253,bj430090,同辉信息
915,2025-02-06,8.01,8.53,7.81,8.51,13156632.0,82552914.0,171498053.0,0.07671592633182839,bj430090,同辉信息
916,2025-02-07,8.41,9.66,8.37,9.02,24914399.0,171122099.0,171498053.0,0.14527511283174743,bj430090,同辉信息
917,2025-02-10,9.16,9.78,9.11,9.71,20216121.0,146860915.0,171498053.0,0.11787959481965664,bj430090,同辉信息
918,2025-02-11,9.86,11.16,9.2,10.34,32192198.0,250706070.0,171498053.0,0.18771174037760066,bj430090,同辉信息
919,2025-02-12,9.92,10.5,9.81,10.32,19162064.0,149005068.0,171498053.0,0.11173342008728228,bj430090,同辉信息
920,2025-02-13,10.34,10.65,9.62,10.0,18767948.0,144864970.0,171498053.0,0.10943534151959147,bj430090,同辉信息
921,2025-02-14,9.81,10.29,9.71,9.88,14376302.0,109468251.0,171498053.0,0.08382778549678345,bj430090,同辉信息
922,2025-02-17,9.9,11.34,9.88,10.46,25664594.0,208405774.0,171498053.0,0.14964947736170509,bj430090,同辉信息
923,2025-02-18,10.16,10.24,9.46,9.56,17552014.0,132277266.0,171498053.0,0.10234526685851063,bj430090,同辉信息
924,2025-02-19,9.57,9.92,9.46,9.92,11247684.0,83145783.0,171498053.0,0.06558490783565922,bj430090,同辉信息
925,2025-02-20,9.98,10.07,9.71,9.82,9392493.0,70689429.0,171498053.0,0.054767344793121356,bj430090,同辉信息
926,2025-02-21,9.78,10.23,9.57,10.11,13961950.0,106165283.0,171498053.0,0.08141171142042061,bj430090,同辉信息
927,2025-02-24,9.86,10.28,9.73,9.87,10269305.0,77896977.0,171498053.0,0.05988000925001755,bj430090,同辉信息
928,2025-02-25,9.71,10.28,9.57,9.88,10555621.0,79798626.0,171498053.0,0.061549509253029246,bj430090,同辉信息
929,2025-02-26,9.9,10.03,9.75,9.87,7797683.0,58657531.0,171498053.0,0.045468055546962975,bj430090,同辉信息
930,2025-02-27,9.94,9.94,9.45,9.67,9150029.0,67338717.0,171498053.0,0.05335354448601233,bj430090,同辉信息
931,2025-02-28,9.54,9.78,9.12,9.16,8358841.0,60132972.0,171498053.0,0.04874015100334696,bj430090,同辉信息
932,2025-03-03,9.18,9.46,9.08,9.29,7233632.0,51313409.0,171498053.0,0.04217909109440444,bj430090,同辉信息
933,2025-03-04,9.27,9.88,9.23,9.87,12359090.0,91115910.0,171498053.0,0.07206548286586087,bj430090,同辉信息
934,2025-03-05,10.04,10.34,9.79,10.19,14988539.0,115603557.0,171498053.0,0.08739772106917156,bj430090,同辉信息
935,2025-03-06,10.29,10.71,9.94,10.37,19636025.0,154727646.0,171498053.0,0.11449707245364471,bj430090,同辉信息
936,2025-03-07,10.41,10.83,10.11,10.37,17784888.0,141895869.0,171498053.0,0.10370314816343716,bj430090,同辉信息
937,2025-03-10,10.49,10.72,10.23,10.32,17191137.0,137143528.0,171498053.0,0.10024100390224255,bj430090,同辉信息
938,2025-03-11,9.96,10.3,9.86,10.11,12028436.0,92022946.0,171498053.0,0.07013744931553247,bj430090,同辉信息
939,2025-03-12,10.17,10.41,10.11,10.13,11554465.0,90309887.0,171498053.0,0.06737373863947015,bj430090,同辉信息
940,2025-03-13,10.15,10.2,9.61,9.69,10531647.0,78869769.0,171498053.0,0.06140971757854301,bj430090,同辉信息
941,2025-03-14,9.78,10.74,9.71,10.5,23124789.0,182879190.0,171498053.0,0.13483995063197599,bj430090,同辉信息
942,2025-03-17,10.5,10.97,10.3,10.86,21306304.0,173859144.0,171498053.0,0.12423641917380834,bj430090,同辉信息
943,2025-03-18,10.93,10.93,10.51,10.67,14152231.0,114638127.0,171498053.0,0.08252123422065906,bj430090,同辉信息
944,2025-03-19,10.54,10.83,10.11,10.23,13591055.0,108609850.0,171498053.0,0.07924903380681529,bj430090,同辉信息
945,2025-03-20,10.12,10.41,9.85,9.85,10450525.0,80466689.0,171498053.0,0.060936697631197016,bj430090,同辉信息
946,2025-03-21,9.92,9.92,9.14,9.15,11238480.0,80842176.0,171498053.0,0.065531239587892,bj430090,同辉信息
947,2025-03-24,9.1,9.21,8.41,8.94,10059006.0,67373846.0,171498053.0,0.0586537620925644,bj430090,同辉信息
948,2025-03-25,8.93,9.1,8.73,9.06,7732643.0,52714330.0,171498053.0,0.045088809258959923,bj430090,同辉信息
949,2025-03-26,9.0,9.28,8.87,8.87,6968323.0,48042271.0,171498053.0,0.040632082277925335,bj430090,同辉信息
950,2025-03-27,8.79,8.94,8.56,8.64,6730164.0,44739947.0,171498053.0,0.03924338429661356,bj430090,同辉信息
951,2025-03-28,8.78,8.91,8.39,8.41,4889978.0,32045885.0,171498053.0,0.028513314958741834,bj430090,同辉信息
952,2025-03-31,8.41,8.64,8.07,8.44,7518510.0,47843866.0,171498053.0,0.04384020616257375,bj430090,同辉信息
953,2025-04-01,8.44,8.64,8.36,8.47,5013428.0,32542457.0,171498053.0,0.02923314820372917,bj430090,同辉信息
954,2025-04-02,8.36,8.55,8.28,8.31,3462850.0,22138098.0,171498053.0,0.020191774422068803,bj430090,同辉信息
